id,umsatz_Prediction
1808011,140.60413
1808012,624.0954
1808013,318.3232
1808014,64.12704655821253
1808015,283.17703604122363
1808021,144.90872
1808022,369.26453
1808023,195.10324
1808024,69.53823857173903
1808025,267.28625297864886
1808031,130.48763
1808032,395.781
1808033,186.49387
1808034,76.02453043599513
1808035,269.331877918668
1808041,162.42242
1808042,538.19385
1808043,258.88287
1808044,79.43197006097284
1808045,309.3917420095866
1808051,64.199196
1808052,491.07712
1808053,235.96683
1808054,131.67799983243498
1808055,299.3350162570068
1808061,134.97604
1808062,312.03928
1808063,132.62094
1808064,68.93307435127153
1808065,238.3904679844608
1808071,127.43732
1808072,344.5463
1808073,171.59581
1808074,62.95408822878625
1808075,255.73193198694668
1808081,124.59363
1808082,375.16873
1808083,174.48633
1808084,73.16894780399916
1808085,263.6924272541293
1808091,146.39877
1808092,371.18887
1808093,172.86017
1808094,73.86235488442557
1808095,262.7084433624493
1808101,130.65369
1808102,378.21017
1808103,169.22815
1808104,76.41146741659244
1808105,266.0120392175306
1808111,161.93277
1808112,474.6054
1808113,229.51025
1808114,80.57895064200858
1808115,305.9024276396165
1808121,62.688446
1808122,449.19943
1808123,202.27869
1808124,131.55813929797722
1808125,295.66849751666945
1808131,132.6132
1808132,317.1823
1808133,133.22467
1808134,70.8554885608622
1808135,234.0091130564504
1808141,118.792984
1808142,330.05402
1808143,153.21873
1808144,66.49222134599901
1808145,252.3840619754041
1808151,122.244064
1808152,378.76337
1808153,172.87683
1808154,75.1137622813233
1808155,260.4330105424541
1808161,143.50357
1808162,378.0708
1808163,175.83589
1808164,76.12540773680612
1808165,258.71503068793413
1808171,126.41205
1808172,385.61734
1808173,177.45837
1808174,79.13371590513952
1808175,262.285862145399
1808181,156.31088
1808182,458.73767
1808183,230.14545
1808184,84.42647425086224
1808185,302.2798025024738
1808191,65.17853
1808192,421.71918
1808193,182.09143
1808194,128.117454913429
1808195,291.7150057919979
1808201,129.43076
1808202,321.19818
1808203,137.64374
1808204,72.98035023367117
1808205,230.18573436336072
1808211,116.656586
1808212,336.13428
1808213,153.33179
1808214,70.05380633762866
1808215,249.1201692891484
1808221,121.15329
1808222,376.6702
1808223,176.70581
1808224,75.63678462419007
1808225,257.05437716753136
1808231,140.89284
1808232,373.23602
1808233,169.62915
1808234,76.65180474424935
1808235,255.3814071352224
1808241,123.71961
1808242,380.9583
1808243,172.25269
1808244,79.66333159436532
1808245,258.9982362395025
1808251,153.31065
1808252,440.89853
1808253,216.35219
1808254,84.95915168531185
1808255,299.03914843790113
1808261,62.502594
1808262,419.3329
1808263,178.70128
1808264,128.65303624928248
1808265,288.5222838444875
1808271,126.149086
1808272,313.06332
1808273,132.62436
1808274,73.5186767666199
1808275,227.04189060533025
1808281,115.29704
1808282,330.9004
1808283,149.39902
1808284,70.5947185499029
1808285,246.0261353093531
1808291,119.37258
1808292,368.419
1808293,168.51642
1808294,76.18012223182748
1808295,254.01106979501395
1808301,139.47702
1808302,367.16318
1808303,161.01202
1808304,77.19740674459061
1808305,252.3897281676375
1808311,122.35145
1808312,377.2463
1808313,171.13583
1808314,80.21103631376266
1808315,256.05907217589385
1809011,143.56647
1809012,477.36893
1809013,215.62262
1809014,84.47668413178593
1809015,305.24237450584457
1809021,77.1244
1809022,457.00122
1809023,184.33688
1809024,128.17234624636603
1809025,294.77975087251895
1809031,133.98482
1809032,308.06277
1809033,129.4733
1809034,73.03960091586856
1809035,233.35443763904996
1809041,111.81754
1809042,339.33548
1809043,146.40582
1809044,70.11709297456406
1809045,252.3945850729669
1809051,111.742966
1809052,364.5435
1809053,155.48872
1809054,75.70378262540073
1809055,260.4362284475424
1809061,125.28134
1809062,378.923
1809063,154.42795
1809064,76.72218841951516
1809065,258.8723850640334
1809071,116.75986
1809072,378.30414
1809073,153.81558
1809074,79.73677425021788
1809075,262.5999996331394
1809081,142.2694
1809082,473.35645
1809083,212.5805
1809084,85.03532572184078
1809085,302.75332328426595
1809091,77.44054
1809092,456.05203
1809093,182.88196
1809094,128.73161325721037
1809095,292.35046282154264
1809101,131.79399
1809102,300.13507
1809103,125.61465
1809104,73.59932762461708
1809105,230.98563260915373
1809111,108.74046
1809112,326.09216
1809113,138.50504
1809114,70.67711352211307
1809115,250.0869649922041
1809121,108.89694
1809122,355.11566
1809123,147.40314
1809124,76.26393106557578
1809125,258.1904771135456
1809131,123.37931
1809132,368.79938
1809133,148.10217
1809134,77.2822987682444
1809135,256.68916794139
1809141,114.87309
1809142,372.34192
1809143,150.5129
1809144,80.29668053471683
1809145,260.47996365620065
1809151,139.823
1809152,467.94165
1809153,207.71266
1809154,85.59486202979356
1809155,300.6970966654459
1809161,76.48826
1809162,454.2652
1809163,181.80469
1809164,129.29061378593315
1809165,290.35865486516536
1809171,128.87607
1809172,289.8823
1809173,122.57692
1809174,74.15762673018901
1809175,229.05883353090357
1809181,107.19908
1809182,321.35706
1809183,135.76526
1809184,71.23454576846008
1809185,248.22574574423163
1809191,108.63456
1809192,351.72696
1809193,146.01886
1809194,76.82033127349288
1809195,256.39538921528225
1809201,121.682014
1809202,362.0022
1809203,143.95618
1809204,77.83750206434192
1809205,254.96074331612132
1809211,112.30133
1809212,363.89575
1809213,146.40726
1809214,80.85052240027584
1809215,258.8187144734456
1809221,135.47383
1809222,458.16162
1809223,199.39333
1809224,86.14717834951644
1809225,299.10351518919
1809231,74.54814
1809232,454.6657
1809233,181.07498
1809234,129.8412408965744
1809235,288.8332133079923
1809241,125.96947
1809242,276.52988
1809243,120.47666
1809244,74.70640146905217
1809245,227.60198391406848
1809251,104.34447
1809252,311.2119
1809253,130.7674
1809254,71.78130552174656
1809255,246.8379197637173
1809261,107.41101
1809262,346.12445
1809263,142.83435
1809264,77.36491402448773
1809265,255.07699811387857
1809271,120.40177
1809272,361.33017
1809273,143.3246
1809274,78.37974644142295
1809275,253.7121777615648
1809281,110.32099
1809282,356.15817
1809283,142.69168
1809284,81.39026772473154
1809285,257.64034444265627
1809291,134.02167
1809292,455.5799
1809293,196.18973
1809294,86.6842646831585
1809295,297.9956898586393
1809301,75.230804
1809302,453.95233
1809303,179.23648
1809304,130.3755090891309
1809305,287.7962609502345
1810011,127.22694
1810012,314.72964
1810013,128.22348
1810014,74.20558051007669
1810015,235.7252160902978
1810021,117.648895
1810022,339.57056
1810023,140.163
1810024,71.27735067328193
1810025,255.0326183632228
1810031,69.49397
1810032,522.33093
1810033,223.32187
1810034,76.85766878196539
1810035,263.3434281387369
1810041,140.95172
1810042,382.1931
1810043,157.32335
1810044,77.86905527528907
1810045,262.05058295828337
1810051,127.366165
1810052,383.0312
1810053,166.39703
1810054,80.87597612653386
1810055,266.0509472299455
1810061,154.55948
1810062,445.72662
1810063,204.95628
1810064,86.16621921133044
1810065,306.4786912615055
1810071,66.03778
1810072,446.93402
1810073,175.06941
1810074,129.85355741445971
1810075,296.35184054041184
1810081,126.42669
1810082,311.11816
1810083,126.25152
1810084,74.71168415609233
1810085,235.26452764320555
1810091,118.70225
1810092,340.52704
1810093,142.62396
1810094,71.77924697530095
1810095,254.6448026806217
1810101,123.16061
1810102,365.09244
1810103,153.45049
1810104,77.35520901728167
1810105,263.0286001387835
1810111,137.95914
1810112,381.2315
1810113,157.26422
1810114,78.3620920119931
1810115,261.80883593130847
1810121,127.47299
1810122,379.89282
1810123,166.34952
1810124,81.36436326719993
1810125,265.88235281081063
1810131,140.71423
1810132,475.07764
1810133,202.52545
1810134,86.64981203630855
1810135,306.38329940837565
1810141,80.229546
1810142,464.93036
1810143,179.05313
1810144,130.332212624759
1810145,296.3296795199517
1810151,129.9001
1810152,288.26303
1810153,121.00437
1810154,75.18525991584377
1810155,235.31560402220384
1810161,106.53249
1810162,326.2639
1810163,137.10239
1810164,72.24760295378631
1810165,254.76910132404495
1810171,110.35602
1810172,348.37628
1810173,145.12665
1810174,77.81820643051658
1810175,263.2260842142611
1810181,119.61529
1810182,357.78802
1810183,139.1834
1810184,78.81959366385172
1810185,262.0794469200468
1810191,110.54111
1810192,357.38007
1810193,140.53207
1810194,81.81623359006913
1810195,266.2260105249335
1810201,131.20079
1810202,453.631
1810203,187.2253
1810204,87.0959171312595
1810205,306.7999020146856
1810211,75.590164
1810212,467.31458
1810213,179.86554
1810214,130.77242030122432
1810215,296.81910357010537
1810221,122.594505
1810222,267.04724
1810223,117.848
1810224,75.61943973078849
1810225,235.87770448929265
1810231,101.41147
1810232,307.6468
1810233,127.46568
1810234,72.67562625036088
1810235,255.40371164556933
1810241,106.036545
1810242,335.45755
1810243,134.81166
1810244,78.23994637618073
1810245,263.93301634148673
1810251,118.48572
1810252,350.86212
1810253,135.95514
1810254,79.23492528795765
1810255,262.85849137372765
1810261,108.5933
1810262,352.02023
1810263,137.33719
1810264,82.22503382089302
1810265,267.0769364573847
1810271,126.55507
1810272,443.26163
1810273,179.07114
1810274,87.49806483247032
1810275,307.72245727818887
1810281,73.10488
1810282,472.55023
1810283,181.93625
1810284,131.16779630777916
1810285,297.8130147916259
1810291,120.1355
1810292,257.81772
1810293,115.7492
1810294,76.00792688424366
1810295,236.942677151485
1810301,100.022446
1810302,302.9807
1810303,123.91459
1810304,73.05710943358861
1810305,256.53943017404976
1811011,120.08586
1811012,362.62866
1811013,139.16313
1811014,78.56995081930336
1811015,273.2236754470796
1811016,24.20543319259656
1811021,111.2719
1811022,366.06818
1811023,141.9807
1811024,81.55272261655493
1811025,277.51179429778745
1811026,37.18893160288405
1811031,129.98276
1811032,457.29877
1811033,182.09122
1811034,86.81831027550153
1811035,318.2265900801895
1811036,46.68174990037642
1811041,75.89568
1811042,482.47314
1811043,183.08714
1811044,130.4804939868588
1811045,308.38600322210533
1811046,29.88132273907252
1811051,121.805725
1811052,270.6668
1811053,118.87384
1811054,75.31297462461617
1811055,247.5840814739153
1811056,37.2209790610292
1811061,102.105125
1811062,312.64417
1811063,125.18633
1811064,72.3544073273404
1811065,267.24879037879776
1811066,43.04556638329149
1811071,107.49669
1811072,340.2707
1811073,134.6283
1811074,77.90376298314503
1811075,275.9159801389824
1811076,40.37971311485353
1811081,118.57706
1811082,357.631
1811083,136.42435
1811084,78.8835712060351
1811085,274.9784826928316
1811086,53.59948464167962
1811091,108.50143
1811092,360.09647
1811093,139.38525
1811094,81.85830732661452
1811095,279.33305715122617
1811096,57.20787049824981
1811101,130.51585
1811102,460.1393
1811103,181.18338
1811104,87.1157687575443
1811105,320.1137688618253
1811106,66.01608433764716
1811111,75.52195
1811112,480.42944
1811113,179.91515
1811114,130.76973809751684
1811115,310.3385387201367
1811116,49.69860692137303
1811121,119.91437
1811122,266.08517
1811123,116.767075
1811124,75.59391865461714
1811125,249.60139510993488
1811126,56.10492455169174
1811131,100.966415
1811132,312.43402
1811133,125.030556
1811134,72.62696802690489
1811135,269.33028437923804
1811136,61.70838782749087
1811141,104.76782
1811142,335.5918
1811143,130.58101
1811144,78.16785958665544
1811145,278.0610377122488
1811146,58.93598421439231
1811151,117.66662
1811152,352.0876
1811153,133.43713
1811154,79.13912545596813
1811155,277.1864682120709
1811156,69.8762347841087
1811161,105.6591
1811162,355.72836
1811163,136.80084
1811164,82.10524349673062
1811165,281.60331634267686
1811166,72.65586321017008
1811171,126.34987
1811172,450.71634
1811173,176.50465
1811174,87.35401367532694
1811175,322.4456289986928
1811176,81.17755638937012
1811181,72.91652
1811182,485.93506
1811183,182.36734
1811184,130.9992211658551
1811185,312.7313088219366
1811186,63.734710081030016
1811191,117.004715
1811192,256.71344
1811193,115.717255
1811194,75.81457187272525
1811195,252.054366147246
1811196,69.62381724045906
1811201,99.081154
1811202,305.7896
1811203,119.29279
1811204,72.83872601047224
1811205,271.8427294838025
1811206,73.92766866794358
1811211,102.17838
1811212,333.45065
1811213,126.9372
1811214,78.37065958722138
1811215,280.63221239235907
1811216,69.78725046037948
1811221,119.04747
1811222,345.153
1811223,130.83548
1811224,79.33290737951572
1811225,279.8156105731789
1811226,80.70419070623564
1811231,102.86382
1811232,351.3505
1811233,135.47136
1811234,82.28994992149374
1811235,284.2896473131593
1811236,82.68387359478402
1811241,124.7513
1811242,446.703
1811243,174.35368
1811244,87.52958986880564
1811245,325.1883525607074
1811246,90.40264972057196
1811251,70.96907
1811252,488.1228
1811253,182.60248
1811254,131.16561510103404
1811255,315.5296122472992
1811256,72.1541527645719
1811261,115.13004
1811262,253.65356
1811263,114.385994
1811264,75.97173424349032
1811265,254.90742023825925
1811266,77.2351144137674
1811271,97.55696
1811272,304.94055
1811273,118.14582
1811274,72.98661024622118
1811275,274.7496888189653
1811276,80.72856493940071
1811281,100.82556
1811282,331.9912
1811283,125.16879
1811284,78.50922186666351
1811285,283.5922155768831
1811286,75.77573057764482
1811291,117.15962
1811292,341.94952
1811293,129.09406
1811294,79.46210664365722
1811295,282.8277804942385
1811296,85.87848015340836
1811301,100.687035
1811302,352.78406
1811303,132.23355
1811304,82.40974788580431
1811305,287.3530913997989
1811306,87.04243911823067
1812011,128.5638
1812012,463.20187
1812013,177.37614
1812014,86.60783833931247
1812015,337.3911673381609
1812016,96.49485647892412
1812021,73.0627
1812022,497.1593
1812023,183.67691
1812024,130.23439407059243
1812025,327.78187073648627
1812026,77.42829462445138
1812031,117.22992
1812032,269.12512
1812033,116.92945
1812034,75.03101381572262
1812035,267.208185098692
1812036,81.6903843477424
1812041,99.8876
1812042,319.5608
1812043,122.060265
1812044,72.03636333962608
1812045,287.0980083366712
1812046,84.36439856946367
1812051,103.10875
1812052,341.4456
1812053,127.70936
1812054,77.54942422264104
1812055,295.9871239464183
1812056,78.59180634245013
1812061,118.78442
1812062,354.54852
1812063,132.2706
1812064,78.49273683369702
1812065,295.268298104877
1812066,87.87471940355766
1812071,104.490234
1812072,369.66077
1812073,137.6113
1812074,81.43078731783535
1812075,299.8382251258121
1812076,88.21900613957837
1812081,128.0064
1812082,463.3283
1812083,175.94766
1812084,86.65138395846287
1812085,340.8309065432711
1812086,94.30150174823432
1812091,70.87453
1812092,498.67737
1812093,183.83128
1812094,130.2683202781049
1812095,331.26420044156265
1812096,74.41632477572887
1812101,114.344955
1812102,262.57123
1812103,117.60118
1812104,75.0553105585297
1812105,270.7320734142881
1812106,77.86069189265703
1812111,98.40625
1812112,319.0747
1812113,121.4178
1812114,72.0510234180785
1812115,290.6624110586274
1812116,79.7181183285415
1812121,101.66168
1812122,339.1384
1812123,126.31714
1812124,77.55444329264117
1812125,299.59098486528194
1812126,73.13031510880143
1812131,120.5857
1812132,351.18634
1812133,131.09691
1812134,78.4881134079861
1812135,298.91054931888016
1812136,81.59963553490354
1812141,103.039734
1812142,366.02972
1812143,137.74884
1812144,81.4165227664342
1812145,303.51778735731386
1812146,81.13218907869657
1812151,126.35972
1812152,454.042
1812153,174.80376
1812154,86.62748250826591
1812155,344.5466894585708
1812156,86.40505147196592
1812161,67.822395
1812162,505.32758
1812163,187.16913
1812164,130.2347890116277
1812165,335.01510297398926
1812166,65.71258117271026
1812171,113.91716
1812172,260.01627
1812173,119.73971
1812174,75.0121594118101
1812175,274.51698409047026
1812176,68.35223406995976
1812181,97.13226
1812182,319.7769
1812183,121.20521
1812184,71.99826517773262
1812185,294.48020832784664
1812186,69.40776384742804
1812191,101.46758
1812192,337.9959
1812193,125.60383
1812194,77.49209359207421
1812195,303.44053743181263
1812196,62.02111914981987
1812201,119.776535
1812202,349.28357
1812203,129.74628
1812204,78.41619072275995
1812205,302.7907164772166
1812206,69.69488999257271
1812211,139.8851
1812212,410.26587
1812213,152.04845
1812214,81.33504840879273
1812215,307.42741933018624
1812216,68.43542158604623
1812221,166.32114
1812222,468.38806
1812223,185.98114
1812224,86.53648062081966
1812225,348.4846277376488
1812226,72.92002435522278
1812231,67.625656
1812232,493.96228
1812233,177.11722
1812234,130.13428656019988
1812235,338.9801806631731
1812236,51.4432903364397
1812241,140.14398
1812242,315.517
1812243,132.8156
1812244,74.90218617744611
1812245,278.5080262516672
1812246,53.30290781299317
1812271,165.35855
1812272,401.0761
1812273,144.20494
1812274,78.27801184072294
1812275,306.85252724193543
1812276,52.33313200456041
1812281,140.8451
1812282,411.6911
1812283,151.43533
1812284,81.18754583127065
1812285,311.51042139138247
1812286,50.312839231584974
1812291,167.1954
1812292,470.88852
1812293,186.711
1812294,86.3796980560096
1812295,352.58761121369326
1812301,67.299576
1812302,496.11365
1812303,177.15521
1812304,129.96827046615942
1812305,343.10192975151216
1812311,139.26338
1812312,314.4145
1812313,129.93478
1812315,282.64731958909147
1901021,107.16852
1901022,323.20157
1901023,124.633484
1901024,88.52310835252408
1901025,211.6716034241831
1901031,147.15756
1901032,344.66284
1901033,129.80103
1901034,89.4288203564792
1901035,211.0580277905338
1901041,114.819016
1901042,328.0003
1901043,127.025475
1901044,92.3293938458795
1901045,215.7285323904552
1901051,111.67761
1901052,405.4466
1901053,156.13051
1901054,97.51264820937412
1901055,256.8170889546874
1901061,61.208122
1901062,458.86273
1901063,169.67479
1901064,141.09238803481105
1901065,247.34152715766385
1901071,118.62164
1901072,214.10895
1901073,89.28767
1901074,85.8423386260825
1901075,186.89578658496148
1901081,93.6322
1901082,244.66147
1901083,98.38419
1901084,82.80117957718905
1901085,206.9077272355893
1901091,92.811554
1901092,273.344
1901093,106.57166
1901094,88.26790624996275
1901095,215.913096419517
1901101,120.80633
1901102,313.4276
1901103,106.28227
1901104,89.16507274315958
1901105,215.304625865245
1901111,101.89665
1901112,295.49802
1901113,106.99514
1901114,92.05717887591152
1901115,219.97897718588516
1901121,113.44773
1901122,411.02087
1901123,158.02177
1901124,97.23204654592833
1901125,261.07012097231103
1901131,60.0847
1901132,455.51834
1901133,167.49408
1901134,140.80348282621617
1901135,251.5958861323064
1901141,123.7241
1901142,227.73099
1901143,95.1242
1901144,85.54521548118691
1901145,191.15021185824224
1901151,94.81439
1901152,248.16779
1901153,98.68626
1901154,82.49592653999304
1901155,211.1609581294818
1901161,91.60899
1901162,271.18964
1901163,105.79531
1901164,87.95461377352915
1901165,220.16387260991505
1901171,120.153244
1901172,314.57104
1901173,105.628555
1901174,88.84383366281057
1901175,219.55168775542413
1901181,109.843735
1901182,310.84192
1901183,114.32932
1901184,91.7280883817195
1901185,224.2210662797482
1901191,116.859215
1901192,417.4971
1901193,160.14185
1901194,96.89520215450904
1901195,265.30598024730773
1901201,63.592056
1901202,474.2913
1901203,174.14133
1901204,140.45898435183256
1901205,255.82426041191627
1901211,127.57459
1901212,238.36655
1901213,100.35929
1901214,85.1931650061718
1901215,195.3698481839104
1901221,102.36871
1901222,264.0282
1901223,104.19114
1901224,82.13642838450002
1901225,215.3706061318977
1901231,103.17664
1901232,294.1744
1901233,112.67211
1901234,87.58777446462031
1901235,224.362284879524
1901241,131.77103
1901242,337.47357
1901243,113.01603
1901244,88.46976190289018
1901245,223.73762021206147
1901251,117.55689
1901252,326.46106
1901253,122.02888
1901254,91.34689501632316
1901255,228.3932785412872
1901261,118.45375
1901262,422.9225
1901263,162.4881
1901264,96.50700013945776
1901265,269.4632359972116
1901271,62.439487
1901272,469.78207
1901273,171.79425
1901274,140.06388871976145
1901275,259.96532776558536
1901281,126.79747
1901282,238.74774
1901283,99.49854
1901284,84.79129283244353
1901285,199.49350005371628
1901291,103.186905
1901292,266.22845
1901293,103.781075
1901294,81.7278987525128
1901295,219.4756205907957
1901301,101.022385
1901302,290.49908
1901303,110.91221
1901304,87.17270843052087
1901305,228.4474455231364
1901311,127.340004
1901312,331.2608
1901313,109.43263
1901314,88.04828245970228
1901315,227.80171651912465
1902011,112.457306
1902012,323.2978
1902013,117.638954
1902014,89.88701436225155
1902015,241.52411052218625
1902021,120.42176
1902022,429.6112
1902023,163.90372
1902024,95.04095772663116
1902025,282.5706016813406
1902031,61.56511
1902032,476.3366
1902033,174.15782
1902034,138.59181313092017
1902035,273.0480364257398
1902041,126.31085
1902042,240.20331
1902043,100.89238
1902044,83.31331443808807
1902045,212.55036826910003
1902051,99.34216
1902052,263.76993
1902053,102.41694
1902054,80.24414967227241
1902055,232.5054725976941
1902061,99.65588
1902062,289.8072
1902063,111.42878
1902064,85.68332249400352
1902065,241.4491135633204
1902071,123.20804
1902072,325.9126
1902073,108.34519
1902074,86.55339516683813
1902075,240.77404118588288
1902081,107.90102
1902082,317.57477
1902083,114.79455
1902084,89.4188755383919
1902085,245.37693681405077
1902091,122.420685
1902092,434.04718
1902093,166.5946
1902094,94.56759339616224
1902095,286.3917922125616
1902101,61.196453
1902102,473.93286
1902103,172.79736
1902104,138.11336356190913
1902105,276.8364588950949
1902111,126.04744
1902112,241.66295
1902113,101.03336
1902114,82.82992140546804
1902115,216.30490008525072
1902121,100.73033
1902122,267.4179
1902123,103.316505
1902124,79.7559564158314
1902125,236.22500121183376
1902131,98.572205
1902132,288.80884
1902133,111.17055
1902134,85.19047367593949
1902135,245.13253679884676
1902141,124.560616
1902142,328.58527
1902143,109.598785
1902144,86.05603682889242
1902145,244.42026756499632
1902151,106.855
1902152,318.13715
1902153,114.06245
1902154,88.91715505857393
1902155,248.98488588118323
1902161,124.77736
1902162,438.68707
1902163,169.55283
1902164,94.06165944507818
1902165,289.9603948545386
1902171,59.582134
1902172,463.66617
1902173,168.82982
1902174,137.60336605870765
1902175,280.36465765793685
1902181,124.462296
1902182,242.25201
1902183,100.93053
1902184,82.31601147341595
1902185,219.7916494875194
1902191,101.742935
1902192,270.40854
1902193,103.49152
1902194,79.23828633753266
1902195,239.6692680544311
1902201,101.23149
1902202,294.03088
1902203,112.83719
1902204,84.66919684821055
1902205,248.53330047117385
1902211,126.803085
1902212,332.89594
1902213,110.95928
1902214,85.53130771730741
1902215,247.77652034738264
1902221,115.884674
1902222,330.16547
1902223,120.85174
1902224,88.3891291516932
1902225,252.2956332434955
1902231,128.33467
1902232,444.00677
1902233,172.17546
1902234,93.53049320837368
1902235,293.22465575088154
1902241,60.91149
1902242,468.77667
1902243,170.79544
1902244,137.06921688819875
1902245,283.5814648173583
1902251,127.8052
1902252,250.58148
1902253,104.68745
1902254,81.77903764902985
1902255,222.9600497006337
1902261,101.947586
1902262,270.39536
1902263,104.34211
1902264,78.69864697620234
1902265,242.78832245587543
1902271,100.59622
1902272,294.44608
1902273,114.58093
1902274,84.12705185672513
1902275,251.6020848178144
1902281,129.47318
1902282,337.00708
1902283,112.87707
1902284,84.98681774492832
1902285,250.7941252921877
1903011,113.357765
1903012,333.21436
1903013,120.48658
1903014,86.81034284729976
1903015,264.3501688948259
1903021,130.75739
1903022,448.51984
1903023,174.96805
1903024,91.949685258405
1903025,305.22623906796224
1903031,59.5157
1903032,470.14194
1903033,171.43042
1903034,135.48654988290068
1903035,295.5292327401649
1903041,128.35895
1903042,257.85162
1903043,107.67588
1903044,80.19467472952633
1903045,234.8531551158046
1903051,102.38686
1903052,277.6289
1903053,106.05642
1903054,77.11275178615335
1903055,254.6259344477297
1903061,105.07358
1903062,303.09113
1903063,116.8493
1903064,82.5397884938355
1903065,263.38338891457005
1903071,129.61621
1903072,336.57974
1903073,114.55054
1903074,83.39835071232199
1903075,262.51832370730745
1903081,114.699005
1903082,336.56848
1903083,122.297745
1903084,86.25294970002457
1903085,266.9274764735869
1903091,133.35019
1903092,451.75818
1903093,177.89035
1903094,91.39141846882946
1903095,307.7448963883374
1903101,60.57803
1903102,473.76917
1903103,173.19968
1903104,134.9275748775229
1903105,297.9884934696331
1903111,132.71063
1903112,266.4712
1903113,111.959435
1903114,79.6351571447041
1903115,237.25229052233647
1903121,104.96524
1903122,281.9864
1903123,107.35405
1903124,76.55285741902243
1903125,256.9642336157268
1903131,107.90762
1903132,308.51752
1903133,118.8928
1903134,81.97968325318038
1903135,265.6601589555242
1903141,135.64745
1903142,344.6707
1903143,115.38228
1903144,82.83820056941354
1903145,264.7328899651188
1903151,116.435974
1903152,340.51764
1903153,124.39173
1903154,85.69292063943915
1903155,269.07918272447904
1903161,136.21228
1903162,454.84967
1903163,180.63712
1903164,90.83167643926414
1903165,309.8331050353105
1903171,60.87768
1903172,472.52234
1903173,173.27618
1903174,134.3682857426213
1903175,300.0125857313979
1903181,133.31232
1903182,270.31836
1903183,113.41631
1903184,79.07648663390731
1903185,239.21166661667235
1903191,105.91037
1903192,282.94922
1903193,108.260185
1903194,75.99497107845988
1903195,258.8583129372101
1903211,134.7135
1903212,344.36066
1903213,118.54659
1903214,82.28237822925556
1903215,266.4947114863109
1903221,117.33892
1903222,342.73148
1903223,125.8605
1903224,85.1383775178436
1903225,270.77408240907306
1903231,138.41428
1903232,456.19818
1903233,184.10257
1903234,90.27857685932598
1903235,311.46058064795096
1903241,61.196632
1903242,471.03003
1903243,174.24571
1903244,133.8167935996829
1903245,301.57215501593697
1903251,134.901
1903252,274.8683
1903253,115.55611
1903254,78.52676534699282
1903255,240.7028674390727
1903261,106.99638
1903262,283.9516
1903263,108.999176
1903264,75.4471835418506
1903265,260.2807034224854
1903271,110.31502
1903272,316.9018
1903273,123.50982
1903274,80.87705493158019
1903275,268.8415389107261
1903281,136.8423
1903282,347.5313
1903283,120.573875
1903284,81.73894453595335
1903285,267.7782373572236
1903291,118.66051
1903292,344.93118
1903293,128.04326
1903294,84.59736262740557
1903295,271.9875951513304
1903301,140.28604
1903302,459.9965
1903303,189.61588
1903304,89.74014108614021
1903305,312.60372067153764
1903311,61.443504
1903312,469.32806
1903313,175.33951
1903314,133.2810964938894
1903315,302.64458358379306
1904011,133.77098
1904012,280.0605
1904013,117.6761
1904014,76.96185295195477
1904015,250.7932710573
1904021,104.92702
1904022,285.4344
1904023,111.142586
1904024,73.88532643286835
1904025,270.2997810650195
1904041,177.85251
1904042,384.9867
1904043,154.0715
1904044,80.18366797132833
1904045,277.65385746304275
1904051,145.12613
1904052,401.86804
1904053,155.8511
1904054,83.04560937112468
1904055,281.791126205692
1904061,176.92795
1904062,491.15103
1904063,219.81029
1904064,88.19206511891645
1904065,322.33495094474057
1904071,57.914246
1904072,462.37854
1904073,181.34946
1904074,131.7368507067756
1904075,312.30332277041805
1904081,149.74602
1904082,321.41104
1904083,133.9979
1904084,76.45370179628941
1904085,251.2903460427699
1904091,128.06325
1904092,341.70972
1904093,138.41821
1904094,73.38130778955505
1904095,270.7240488451197
1904101,131.15326
1904102,374.14508
1904103,145.63275
1904104,78.81867330399676
1904105,279.14034983179096
1904111,183.42883
1904112,395.65155
1904113,152.98894
1904114,79.68836113871541
1904115,277.9321552849042
1904121,150.41077
1904122,406.88382
1904123,155.2384
1904124,82.55487925536247
1904125,281.9963045287333
1904131,179.2828
1904132,494.44174
1904133,216.85117
1904134,87.7060571339291
1904135,322.4669489701965
1904141,58.942665
1904142,470.31427
1904143,183.64185
1904144,131.255708867218
1904145,312.3621013844249
1904151,151.47693
1904152,324.77982
1904153,136.20828
1904154,75.97756867487246
1904155,251.27588782795576
1904161,128.49765
1904162,340.22864
1904163,140.34106
1904164,72.91032447479846
1904165,270.6363580857657
1904171,128.28625
1904172,373.2311
1904173,149.95508
1904174,78.35297935842132
1904175,278.97945251256164
1904181,177.8804
1904182,386.30914
1904183,159.24786
1904184,79.22809455748771
1904185,277.69809908314767
1904201,178.03569
1904202,491.94162
1904203,225.78677
1904204,87.25705279350144
1904205,322.08680472910146
1904211,57.510727
1904212,456.71185
1904213,184.58948
1904214,130.81253606599768
1904215,311.9090712755575
1904221,85.04035
1904222,562.88544
1904223,229.93427
1904224,75.54035873452486
1904225,250.75010609391444
1904231,128.5422
1904232,335.4987
1904233,143.36082
1904234,72.47920695006471
1904235,270.0379805270255
1904241,125.80742
1904242,375.09363
1904243,156.51302
1904244,77.92808199872827
1904245,278.30865644130733
1904251,173.55652
1904252,382.56
1904253,167.46106
1904254,78.80954326909307
1904255,276.9550832707321
1904261,145.77682
1904262,410.674
1904263,163.66281
1904264,81.6880952340875
1904265,280.87414341839747
1904271,177.53842
1904272,491.79764
1904273,230.16087
1904274,86.85156380781372
1904275,321.20003128425213
1904281,57.306282
1904282,462.55157
1904283,184.10333
1904284,130.41375944107625
1904285,310.9508025379247
1904291,147.91231
1904292,330.3418
1904293,139.72803
1904294,75.14841263649001
1904295,249.72062601920624
1904301,129.45224
1904302,334.34048
1904303,145.94234
1904304,72.09420752100415
1904305,268.93759417240614
1905021,143.33365
1905022,359.38333
1905023,128.94469
1905024,77.40666464139659
1905025,284.80288776523696
1905031,125.27547
1905032,367.89594
1905033,142.0289
1905034,80.29249921633911
1905035,288.65208247816804
1905041,147.98373
1905042,467.2903
1905043,200.19089
1905044,85.4633581079665
1905045,328.9084934062112
1905051,58.292873
1905052,461.16553
1905053,180.00076
1905054,129.03304957717256
1905055,318.5901968065111
1905061,139.03616
1905062,302.4639
1905063,128.46564
1905064,73.77530190539426
1905065,257.29138198515443
1905071,107.703384
1905072,299.21643
1905073,116.33024
1905074,70.72879696779371
1905075,276.44016172546094
1905081,110.911835
1905082,343.32745
1905083,138.78223
1905084,76.19253171030518
1905085,284.57253911060644
1905091,140.6996
1905092,359.93466
1905093,135.3206
1905094,77.08906111825812
1905095,283.08150455540226
1905101,125.97754
1905102,370.95972
1905103,144.95139
1905104,79.98288519956665
1905105,286.8639811957209
1905111,147.87056
1905112,469.23364
1905113,205.34944
1905114,85.16182534287522
1905115,327.054203904152
1905121,58.081184
1905122,458.03137
1905123,180.37796
1905124,128.73968741442835
1905125,316.6702685508381
1905131,140.45386
1905132,305.6706
1905133,129.54779
1905134,73.49019727453725
1905135,255.30638389204532
1905141,107.10063
1905142,304.10535
1905143,118.085556
1905144,70.4520343514791
1905145,274.3906819926905
1905151,111.22241
1905152,346.21283
1905153,141.03867
1905154,75.92419311926918
1905155,282.45918504325084
1905161,141.80054
1905162,360.60022
1905163,134.62685
1905164,76.82922606701649
1905165,280.90490238588154
1905171,126.51924
1905172,373.18558
1905173,147.95068
1905174,79.73163068285274
1905175,284.6247758982328
1905181,147.24628
1905182,471.66873
1905183,211.6748
1905184,84.91922581282488
1905185,324.7530590035522
1905191,58.196365
1905192,455.8426
1905193,180.78102
1905194,128.50581475851806
1905195,314.3078659260235
1905201,142.2518
1905202,308.14816
1905203,131.09973
1905204,73.26512079428232
1905205,252.8834235738984
1905211,107.32499
1905212,310.81094
1905213,122.544815
1905214,70.2358207418982
1905215,271.90788195664527
1905221,111.81029
1905222,347.49924
1905223,140.93571
1905224,75.71690644912107
1905225,279.9172809965412
1905231,138.79541
1905232,362.54187
1905233,142.26285
1905234,76.63092775981517
1905235,278.3046475495354
1905241,127.23235
1905242,380.0927
1905243,155.2133
1905244,79.54237949866628
1905245,281.96694078387617
1905251,147.00671
1905252,467.56
1905253,210.15747
1905254,84.73907783086351
1905255,322.03843118509025
1905261,58.27159
1905262,454.3564
1905263,180.99144
1905264,128.33482336051674
1905265,311.53724980626527
1905271,142.32668
1905272,308.07684
1905273,131.08403
1905274,73.10333664868259
1905275,250.057640146195
1905281,107.10004
1905282,305.92096
1905283,120.08352
1905284,70.08329178883396
1905285,269.02776856161177
1905291,111.53295
1905292,349.35107
1905293,142.62576
1905294,75.57367788621299
1905295,276.9836910739345
1905301,72.86616
1905302,551.6844
1905303,226.54205
1905304,76.49704202877757
1905305,275.3184503853616
1905311,141.65202
1905312,412.24774
1905313,175.32071
1905314,79.41787627273072
1905315,278.9290212528024
1906011,147.14127
1906012,478.98224
1906013,219.19148
1906014,83.59188130777231
1906015,328.03869377806865
1906021,61.23503
1906022,457.25604
1906023,186.91895
1906024,127.19708033734236
1906025,317.48760549428977
1906031,144.7721
1906032,314.92487
1906033,137.93723
1906034,71.97507842597088
1906035,255.95901897858383
1906041,106.97773
1906042,320.0724
1906043,127.01334
1906044,68.96454685657969
1906045,274.8811151005826
1906051,111.607864
1906052,361.60846
1906053,157.95312
1906054,74.46447191541765
1906055,282.78996411471013
1906061,135.72482
1906062,369.34265
1906063,148.80956
1906064,75.39739786384251
1906065,281.0786226720582
1906071,126.38546
1906072,385.5901
1906073,160.03577
1906074,78.32781392468787
1906075,284.6440791901847
1906081,146.4907
1906082,472.53772
1906083,216.4907
1906084,83.543530643605
1906085,324.62063284942514
1906091,59.108818
1906092,454.96375
1906093,185.11761
1906094,127.15834298914532
1906095,314.0264428346728
1906101,81.74411
1906102,544.8689
1906103,245.228
1906104,71.94596587245638
1906105,252.45578020518752
1906111,107.52881
1906112,324.54224
1906113,131.45222
1906114,68.94506772442566
1906115,271.3368382986615
1906121,111.233505
1906122,357.52734
1906123,150.7926
1906124,74.45463197671135
1906125,279.20569952997243
1906131,134.31003
1906132,373.648
1906133,153.15405
1906134,75.39720003437012
1906135,277.4554323994552
1906141,126.730896
1906142,393.13498
1906143,166.00624
1906144,78.33725826307057
1906145,280.9830368591889
1906151,146.34567
1906152,473.90012
1906153,219.05669
1906154,83.56261435128145
1906155,320.92282330589103
1906161,60.118317
1906162,453.1193
1906163,185.7551
1906164,127.1870604112011
1906165,310.2929618193734
1906171,144.25864
1906172,312.33282
1906173,137.94867
1906174,71.98430849929957
1906175,248.6877340291228
1906181,112.50273
1906182,342.39136
1906183,143.20093
1906184,68.99302419430842
1906185,267.5353435152345
1906191,111.940384
1906192,367.81696
1906193,165.34796
1906194,74.51218807909667
1906195,275.37188260413046
1906201,132.70834
1906202,369.71747
1906203,150.3039
1906204,75.46433871414271
1906205,273.59042937389387
1906211,124.56171
1906212,383.9371
1906213,161.40854
1906214,78.4139596255906
1906215,277.0879930177184
1906221,171.0003
1906222,548.6551
1906223,269.37885
1906224,83.6488556682799
1906225,316.9988928340635
1906231,72.52643
1906232,491.13013
1906233,225.03488
1906234,127.28281612751448
1906235,306.34130746247297
1906241,143.38495
1906242,354.41382
1906243,171.04941
1906244,72.08955024044258
1906245,244.7095267476191
1906251,121.51553
1906252,420.5126
1906253,176.91335
1906254,69.10772077488184
1906255,263.53176213780176
1906261,111.81437
1906262,415.02606
1906263,191.07562
1906264,74.63630551202831
1906265,271.34411347833515
1906271,137.60974
1906272,414.497
1906273,162.5827
1906274,75.59784022075854
1906275,269.5396660146544
1906281,141.76024
1906282,445.93405
1906283,198.4755
1906284,78.55680564651301
1906285,273.0154357536408
1906291,171.43475
1906292,568.2237
1906293,281.20596
1906294,83.80100387515002
1906295,312.905748451758
1906301,75.10036
1906302,501.96674
1906303,234.79883
1906304,127.44422143553496
1906305,302.2287888489573
1907011,140.76788
1907012,344.1562
1907013,148.49979
1907014,71.22805212648674
1907015,249.66785682074527
1907021,123.43992
1907022,342.5709
1907023,153.66898
1907024,68.25538137741759
1907025,268.4731606156561
1907031,129.18884
1907032,391.32578
1907033,169.7211
1907034,73.79307156034771
1907035,276.2698093860325
1907041,160.65442
1907042,378.87012
1907043,174.37668
1907044,74.76365574601351
1907045,274.45089303031983
1907051,135.13963
1907052,406.4817
1907053,178.33812
1907054,77.7316119983002
1907055,277.9134318428444
1907061,165.48788
1907062,472.1616
1907063,235.16374
1907064,82.9847397388901
1907065,317.7917555006791
1907071,56.73484
1907072,436.63434
1907073,185.19966
1907074,126.63682285064152
1907075,307.1040522963865
1907081,137.3624
1907082,337.3113
1907083,145.02118
1907084,71.46156520056968
1907085,245.44462099920275
1907091,122.30321
1907092,342.14587
1907093,155.31111
1907094,68.49762422026289
1907095,264.24168125089204
1907111,156.64865
1907112,377.52325
1907113,174.88542
1907114,75.02314021548804
1907115,270.2066902862769
1907121,132.7693
1907122,403.99887
1907123,179.93515
1907124,77.99960321657555
1907125,273.664753032956
1907131,162.06256
1907132,471.40845
1907133,238.10132
1907134,83.26115829438454
1907135,313.5398596001706
1907141,57.04893
1907142,432.01074
1907143,184.18265
1907144,126.9215868345715
1907145,302.85019923377666
1907151,135.36136
1907152,332.9951
1907153,143.60806
1907154,71.75459023122099
1907155,241.1900712829597
1907161,121.45816
1907162,342.95288
1907163,158.05844
1907164,68.798823467995
1907165,259.98769559591744
1907171,125.68313
1907172,386.4845
1907173,169.41722
1907174,74.3532566031484
1907175,267.77917931075734
1907181,152.38239
1907182,376.97217
1907183,177.30785
1907184,75.3404177461195
1907185,265.9576138564423
1907191,130.49823
1907192,400.89694
1907193,181.1549
1907194,78.32478004868332
1907195,269.4200203122837
1907201,160.49332
1907202,470.8957
1907203,242.1961
1907204,83.5941380710554
1907205,309.3007283945746
1907211,59.43126
1907212,426.77264
1907213,184.43217
1907214,127.2622708867113
1907215,298.6179256893211
1907221,133.6261
1907222,329.22983
1907223,142.75494
1907224,72.10287760679256
1907225,236.9659095136357
1907231,122.55878
1907232,354.58014
1907233,166.73772
1907234,69.15461096193228
1907235,255.77289731202217
1907241,124.54286
1907242,388.01746
1907243,182.91393
1907244,74.7164387879384
1907245,263.57499344798515
1907251,149.49963
1907252,379.9876
1907253,186.37648
1907254,75.71088700304279
1907255,261.7652862057981
1907261,131.60974
1907262,403.1112
1907263,186.71829
1907264,78.70242659970366
1907265,265.24079315092814
1907271,158.47137
1907272,465.50702
1907273,239.08044
1907274,83.97885001134945
1907275,305.1358401177107
1907281,62.909786
1907282,423.7386
1907283,185.057
1907284,127.6539342178284
1907285,294.46861044323094
1907291,136.65097
1907292,331.99097
1907293,147.53036
1907294,72.50137627043489
1907295,232.8333968299764
1907301,118.591064
1907302,338.74292
1907303,157.76907
1907304,69.5598268743455
1907305,251.65841174348867
