Datum;Temperatur;Windgeschwindigkeit;bewoelkung_time;wettercode_knn;temp_category;wettercode_agg
2012-01-01;9.825;14;8;58;high;3
2012-01-02;7.4375;12;7;33;medium;2
2012-01-03;5.5375;18;8;63;medium;3
2012-01-04;5.6875;19;4;80;medium;4
2012-01-05;5.3;23;6;80;medium;4
2012-01-06;2.625;10;3;18;medium;2
2012-01-07;6.528571;14;7;61;medium;3
2012-01-08;5.9625;10;7;80;medium;4
2012-01-09;5.15;12;8;61;medium;3
2012-01-10;6.1125;10;6;45;medium;2
2012-01-11;7.8625;16;6;51;high;3
2012-01-12;7.4375;25;7;61;high;3
2012-01-13;4.8;18;2;14;medium;2
2012-01-14;2.8875;10;3;18;medium;2
2012-01-15;2.225;6;1;4;medium;2
2012-01-16;3.0625;6;8;61;medium;3
2012-01-17;4.4875;10;6;41;medium;2
2012-01-18;2.35;12;7;51;medium;3
2012-01-19;5.2625;16;8;80;high;4
2012-01-20;3.4375;12;6;26;high;2
2012-01-21;3.5375;16;7;68;medium;2
2012-01-22;3.7875;12;6;21;high;2
2012-01-23;2.2125;4;5;10;medium;2
2012-01-24;1.7625;6;3;37;medium;2
2012-01-25;-0.1875;8;3;15;medium;2
2012-01-26;0.3625;12;2;16;medium;2
2012-01-27;-1.0;10;8;71;low;5
2012-01-28;-1.3875;10;6;10;low;2
2012-01-29;-3.1625;8;7;71;low;5
2012-01-30;-2.275;12;3;19;medium;2
2012-01-31;-2.375;18;1;17;medium;2
2012-02-01;-1.825;16;7;71;low;5
2012-02-02;-5.85;8;6;85;low;5
2012-02-03;-5.85;14;4;3;low;1
2012-02-04;-7.5375;10;4;71;low;5
2012-02-05;-7.7125;8;5;64;low;2
2012-02-06;-10.25;6;4;10;low;2
2012-02-07;-3.0;18;6;71;low;5
2012-02-08;-2.7625;10;6;34;low;2
2012-02-09;-1.6625;21;6;3;low;1
2012-02-10;-2.8125;8;6;71;low;5
2012-02-11;-4.575;8;7;78;low;2
2012-02-12;-1.2375;16;8;72;low;2
2012-02-13;-2.325;8;6;10;low;2
2012-02-14;1.3;10;8;47;medium;2
2012-02-15;4.8625;18;1;10;medium;2
2012-02-16;2.9625;10;7;61;medium;3
2012-02-17;5.5625;14;5;58;medium;3
2012-02-18;6.175;14;8;61;medium;3
2012-02-19;4.2;18;4;25;medium;2
2012-02-20;4.1125;14;5;53;medium;3
2012-02-21;4.95;14;8;58;medium;3
2012-02-22;7.175;18;7;51;medium;3
2012-02-23;8.4125;18;6;33;high;2
2012-02-24;8.35;19;7;20;medium;2
2012-02-25;6.525;19;6;61;medium;3
2012-02-26;4.675;8;1;8;medium;2
2012-02-27;3.725;12;8;61;medium;3
2012-02-28;7.675;14;8;51;medium;3
2012-02-29;7.775;10;8;47;medium;2
2012-03-01;7.625;12;6;43;medium;2
2012-03-02;5.9125;6;7;28;medium;2
2012-03-03;7.0375;14;5;57;medium;3
2012-03-04;4.675;8;7;53;medium;3
2012-03-05;4.875;10;7;45;medium;2
2012-03-06;4.5125;10;4;31;medium;2
2012-03-07;4.05;10;7;61;medium;3
2012-03-08;7.5125;14;2;6;medium;2
2012-03-09;7.825;14;8;10;medium;2
2012-03-10;8.7;19;6;10;medium;2
2012-03-11;8.95;14;6;51;medium;3
2012-03-12;9.0125;18;5;37;medium;2
2012-03-13;9.95;16;6;1;medium;1
2012-03-14;7.7875;10;7;45;medium;2
2012-03-15;7.4;8;6;33;medium;2
2012-03-16;12.0375;14;3;10;high;2
2012-03-17;9.775;14;6;10;medium;2
2012-03-18;9.8375;16;7;61;medium;3
2012-03-19;8.1125;18;4;26;medium;2
2012-03-20;8.0875;18;7;51;medium;3
2012-03-21;12.625;16;5;23;high;2
2012-03-22;12.7625;6;0;2;high;1
2012-03-23;13.4875;6;0;2;high;1
2012-03-24;7.8375;8;5;10;medium;2
2012-03-25;13.1375;10;0;1;high;1
2012-03-26;8.4875;8;7;51;medium;3
2012-03-27;15.5;10;4;24;high;2
2012-03-28;14.8375;18;3;5;high;2
2012-03-29;8.9875;19;6;21;medium;2
2012-03-30;9.9625;18;3;1;medium;1
2012-03-31;6.1125;19;4;61;medium;3
2012-04-01;6.525;19;7;25;medium;2
2012-04-02;5.5875;16;7;62;low;2
2012-04-03;3.3;10;7;22;low;2
2012-04-04;4.5875;18;7;21;low;2
2012-04-05;5.6375;10;1;5;low;2
2012-04-06;6.2;18;7;61;low;3
2012-04-07;3.7125;19;4;49;low;2
2012-04-08;5.75;10;2;28;low;2
2012-04-09;6.5125;10;8;58;low;3
2012-04-10;10.5875;10;8;61;medium;3
2012-04-11;10.475;12;7;53;medium;3
2012-04-12;9.575;12;6;81;medium;4
2012-04-13;8.725;10;7;50;medium;3
2012-04-14;8.8125;8;6;25;medium;2
2012-04-15;8.075;10;7;21;medium;2
2012-04-16;7.5;16;4;80;medium;4
2012-04-17;8.0375;12;5;30;medium;2
2012-04-18;9.6125;10;6;67;medium;4
2012-04-19;14.2375;14;2;11;medium;2
2012-04-20;9.225;10;6;95;medium;4
2012-04-21;12.2;10;6;91;medium;2
2012-04-22;9.9875;10;6;80;medium;4
2012-04-23;9.95;10;6;81;medium;4
2012-04-24;10.0;8;7;61;medium;3
2012-04-25;11.6375;12;6;65;medium;4
2012-04-26;14.1875;14;6;60;medium;2
2012-04-27;14.925;12;5;25;medium;2
2012-04-28;9.5125;18;6;61;medium;3
2012-04-29;11.4625;23;7;46;medium;2
2012-04-30;16.2375;8;3;26;medium;2
2012-05-01;13.4125;19;5;49;high;2
2012-05-02;13.45;12;1;16;medium;2
2012-05-03;16.6;8;6;45;high;2
2012-05-04;12.65;10;7;80;medium;4
2012-05-05;10.5;8;2;2;medium;1
2012-05-06;8.6;8;5;13;low;2
2012-05-07;7.575;6;7;61;low;3
2012-05-08;16.075;8;6;45;medium;2
2012-05-09;16.85;10;6;81;medium;4
2012-05-10;17.85;12;7;61;medium;3
2012-05-11;16.525;19;5;45;medium;2
2012-05-12;9.3875;23;5;80;low;4
2012-05-13;11.0125;10;6;38;medium;2
2012-05-14;14.525;12;6;54;medium;2
2012-05-15;11.45;10;7;60;medium;2
2012-05-16;8.8875;19;6;80;low;4
2012-05-17;10.8125;18;4;3;medium;1
2012-05-18;16.2125;10;6;49;medium;2
2012-05-19;17.7625;6;5;27;medium;2
2012-05-20;18.475;10;6;25;medium;2
2012-05-21;18.514285;14;5;29;medium;2
2012-05-22;19.2;12;4;44;medium;2
2012-05-23;18.2375;14;4;61;medium;3
2012-05-24;18.8625;12;0;3;medium;1
2012-05-25;19.85;10;0;2;medium;1
2012-05-26;21.45;8;4;30;high;2
2012-05-27;19.875;10;1;2;medium;1
2012-05-28;22.8375;14;2;13;high;2
2012-05-29;15.35;12;4;28;medium;2
2012-05-30;12.9375;14;6;44;low;2
2012-05-31;13.2625;10;7;61;low;3
2012-06-01;12.8875;19;4;25;low;2
2012-06-02;12.4625;16;4;25;low;2
2012-06-03;12.35;12;7;52;low;2
2012-06-04;13.2125;14;7;62;low;2
2012-06-05;13.2125;16;5;25;low;2
2012-06-06;13.8375;10;7;61;low;3
2012-06-07;15.1875;10;7;51;medium;3
2012-06-08;19.3375;12;4;95;medium;4
2012-06-09;14.6;14;6;61;low;3
2012-06-10;15.0;16;6;51;low;3
2012-06-11;16.525;8;3;14;medium;2
2012-06-12;14.1125;6;7;63;low;3
2012-06-13;15.1625;12;4;39;medium;2
2012-06-14;14.05;12;6;54;low;2
2012-06-15;18.3125;8;7;63;medium;3
2012-06-16;18.4625;10;6;25;medium;2
2012-06-17;16.9625;14;6;25;medium;2
2012-06-18;19.5875;19;6;95;medium;4
2012-06-19;17.3125;6;6;34;medium;2
2012-06-20;17.65;12;6;37;medium;2
2012-06-21;18.5125;16;4;39;medium;2
2012-06-22;18.325;14;4;29;medium;2
2012-06-23;16.8875;12;6;80;medium;4
2012-06-24;12.875;12;8;63;medium;3
2012-06-25;13.8875;18;6;80;medium;4
2012-06-26;14.3;18;6;20;low;2
2012-06-27;14.5625;10;8;46;low;2
2012-06-28;18.2625;8;6;72;medium;2
2012-06-29;22.75;8;6;95;medium;4
2012-06-30;23.1375;10;5;69;medium;2
2012-07-01;19.5125;14;4;31;medium;2
2012-07-02;19.4375;10;6;53;medium;3
2012-07-03;20.5375;12;3;28;medium;2
2012-07-04;19.95;12;5;45;medium;2
2012-07-05;17.2625;12;7;10;medium;2
2012-07-06;18.5375;10;7;60;medium;2
2012-07-07;20.7875;4;7;51;medium;3
2012-07-08;22.975;10;5;95;high;4
2012-07-09;16.5;16;7;61;medium;3
2012-07-10;18.825;14;6;1;medium;1
2012-07-11;17.15;14;6;29;low;2
2012-07-12;15.4875;14;5;81;low;4
2012-07-13;17.0875;6;6;21;medium;2
2012-07-14;17.9125;19;6;25;medium;2
2012-07-15;16.375;16;5;25;medium;2
2012-07-16;16.875;16;5;80;low;4
2012-07-17;17.1375;18;5;80;medium;4
2012-07-18;16.95;6;7;63;low;3
2012-07-19;15.8125;16;7;81;low;4
2012-07-20;15.25;16;6;80;low;4
2012-07-21;16.1625;16;6;50;low;3
2012-07-22;18.325;12;4;37;low;2
2012-07-23;22.483333;12;2;9;medium;2
2012-07-25;25.65;8;1;4;medium;2
2012-07-26;22.5875;8;1;5;medium;2
2012-07-27;26.075;10;1;0;medium;1
2012-07-28;18.95;14;7;63;medium;3
2012-07-29;16.0375;8;7;61;low;3
2012-07-30;15.1875;10;6;95;low;4
2012-07-31;17.1625;12;5;52;medium;2
2012-08-01;21.0625;6;6;41;medium;2
2012-08-02;22.725;10;6;29;medium;2
2012-08-03;20.6875;10;4;91;medium;2
2012-08-04;18.225;6;6;61;low;3
2012-08-05;21.6125;4;6;53;medium;3
2012-08-06;19.575;16;5;80;medium;4
2012-08-07;17.3125;14;6;80;medium;4
2012-08-08;17.9;16;4;80;medium;4
2012-08-09;18.35;12;5;45;medium;2
2012-08-10;17.3;14;6;25;medium;2
2012-08-11;18.85;10;2;10;medium;2
2012-08-12;19.7875;12;1;2;high;1
2012-08-13;20.0375;14;2;10;medium;2
2012-08-14;20.1625;12;2;10;medium;2
2012-08-15;20.4;14;1;3;medium;1
2012-08-16;17.325;10;6;63;low;3
2012-08-17;21.9375;8;5;43;high;2
2012-08-18;27.525;8;6;59;high;2
2012-08-19;26.875;8;2;3;high;1
2012-08-20;26.15;16;3;27;high;2
2012-08-21;20.8125;6;6;41;medium;2
2012-08-22;20.0125;18;4;37;medium;2
2012-08-23;19.8375;18;5;80;medium;4
2012-08-24;16.2625;4;7;61;medium;3
2012-08-25;18.8625;8;6;80;medium;4
2012-08-26;17.325;14;6;95;medium;4
2012-08-27;17.8625;12;2;6;medium;2
2012-08-28;19.5875;8;7;61;medium;3
2012-08-29;20.6625;8;4;3;medium;1
2012-08-30;19.2375;6;7;43;medium;2
2012-08-31;17.2875;14;3;36;medium;2
2012-09-01;16.6;12;6;55;medium;3
2012-09-02;19.15;14;6;29;medium;2
2012-09-03;19.475;12;4;44;medium;2
2012-09-04;20.5375;14;4;51;medium;3
2012-09-05;17.1375;14;6;80;medium;4
2012-09-06;16.1125;14;7;61;low;3
2012-09-07;16.125;12;7;58;low;3
2012-09-08;18.4625;16;5;51;medium;3
2012-09-09;21.075;6;4;50;high;3
2012-09-10;23.125;12;4;34;high;2
2012-09-11;17.0875;12;7;61;medium;3
2012-09-12;13.9625;12;4;80;medium;4
2012-09-13;15.1;8;3;23;medium;2
2012-09-14;13.7125;16;8;61;medium;3
2012-09-15;15.625;18;6;80;medium;4
2012-09-16;18.35;12;3;17;medium;2
2012-09-17;17.4375;14;4;25;medium;2
2012-09-18;15.0375;14;6;80;medium;4
2012-09-19;10.6375;16;5;81;low;4
2012-09-20;11.4875;12;6;80;low;4
2012-09-21;14.25;14;7;21;medium;2
2012-09-22;11.5;14;5;25;low;2
2012-09-23;13.65;10;4;48;medium;2
2012-09-24;10.4125;16;8;61;low;3
2012-09-25;14.925;10;7;80;medium;4
2012-09-26;12.5625;6;7;61;low;3
2012-09-27;13.2;10;7;61;low;3
2012-09-28;13.5625;12;6;40;medium;2
2012-09-29;13.2625;16;5;25;low;2
2012-09-30;13.875;14;4;25;medium;2
2012-10-01;13.8625;10;7;54;medium;2
2012-10-02;15.1625;10;6;10;medium;2
2012-10-03;14.175;12;7;65;medium;4
2012-10-04;10.45;10;7;80;low;4
2012-10-05;9.7375;14;7;61;low;3
2012-10-08;12.4375;12;4;80;medium;4
2012-10-09;10.9875;19;1;80;medium;4
2012-10-10;10.1;12;5;80;medium;4
2012-10-11;11.4375;6;4;25;medium;2
2012-10-12;10.1375;10;6;61;medium;3
2012-10-15;9.5875;10;6;51;medium;3
2012-10-16;10.8875;12;7;61;medium;3
2012-10-17;12.1;12;7;21;medium;2
2012-10-18;16.775;8;6;42;high;2
2012-10-19;19.35;6;3;10;high;2
2012-10-22;12.675;8;8;10;medium;2
2012-10-23;11.8875;8;8;51;medium;3
2012-10-24;10.9875;6;8;51;medium;3
2012-10-25;8.7375;16;6;80;low;4
2012-10-26;5.1875;8;5;38;low;2
2012-10-29;3.625;14;8;61;low;3
2012-10-30;7.0625;8;4;25;low;2
2012-10-31;7.95;10;6;10;low;2
2012-11-01;5.8125;10;7;49;low;2
2012-11-02;7.475;12;7;21;medium;2
2012-11-05;6.5875;10;7;61;medium;3
2012-11-06;7.45;14;6;80;medium;4
2012-11-07;10.3;16;7;51;medium;3
2012-11-08;9.6625;16;7;80;medium;4
2012-11-09;9.5;8;7;20;medium;2
2012-11-12;7.3125;12;6;80;medium;4
2012-11-13;7.2;8;7;10;medium;2
2012-11-14;9.6625;6;8;10;medium;2
2012-11-15;8.7125;6;7;5;medium;2
2012-11-16;-0.275;6;7;10;low;2
2012-11-19;6.125;8;3;3;medium;1
2012-11-20;7.675;8;6;10;high;2
2012-11-21;6.1875;12;8;10;medium;2
2012-11-22;9.1;14;4;3;medium;1
2012-11-23;6.7;10;7;61;medium;3
2012-11-26;8.1625;10;6;39;high;2
2012-11-27;7.625;8;7;20;high;2
2012-11-28;5.325;8;8;51;medium;3
2012-11-29;3.4625;14;7;61;medium;3
2012-11-30;0.725;10;2;17;low;2
2012-12-03;1.033333;8;8;10;medium;2
2012-12-04;1.375;8;7;69;low;2
2012-12-05;-4.7875;10;2;21;low;2
2012-12-06;-4.45;8;1;16;low;2
2012-12-07;-1.7875;8;4;10;low;2
2012-12-10;0.1875;18;8;71;low;5
2012-12-11;-1.8625;14;6;47;low;2
2012-12-12;-5.7375;4;3;10;low;2
2012-12-13;-2.0625;4;7;78;low;2
2012-12-14;-2.6875;10;7;10;low;2
2012-12-17;4.1875;4;8;47;medium;2
2012-12-18;3.6375;10;8;61;medium;3
2012-12-19;2.8625;6;7;20;low;2
2012-12-20;2.0875;12;7;5;medium;2
2012-12-21;-0.2125;10;7;13;low;2
2013-04-30;11.116666;15;3;0;medium;1
2013-05-01;9.9;11;0;3;medium;1
2013-05-02;11.0375;12;1;4;medium;2
2013-05-03;12.9125;9;0;5;medium;2
2013-05-04;17.95;18;0;3;high;1
2013-05-05;16.2125;10;3;13;medium;2
2013-05-06;15.675;8;0;1;medium;1
2013-05-07;17.4125;10;1;21;medium;2
2013-05-08;18.8125;9;4;21;medium;2
2013-05-09;16.125;11;7;21;medium;2
2013-05-10;15.5;12;5;21;medium;2
2013-05-11;15.4125;11;7;54;medium;2
2013-05-12;11.7125;12;7;61;medium;3
2013-05-13;11.4375;10;7;65;medium;4
2013-05-14;12.6;10;5;21;medium;2
2013-05-15;20.5375;10;4;61;high;3
2013-05-16;16.1625;13;0;5;medium;2
2013-05-17;21.3125;11;0;5;high;2
2013-05-18;13.85;12;7;10;medium;2
2013-05-19;13.05;5;8;20;medium;2
2013-05-20;15.775;8;7;21;medium;2
2013-05-21;12.525;9;7;65;low;4
2013-05-22;9.0625;23;7;63;low;3
2013-05-23;10.525;8;5;61;low;3
2013-05-24;12.5;8;5;61;low;3
2013-05-25;11.3375;11;7;63;low;3
2013-05-26;14.1625;15;7;63;medium;3
2013-05-27;14.7875;10;6;39;medium;2
2013-05-28;15.4;10;6;20;medium;2
2013-05-29;13.6625;14;7;61;medium;3
2013-05-30;16.125;11;4;21;medium;2
2013-05-31;17.65;12;3;19;medium;2
2013-06-01;20.3875;10;3;21;medium;2
2013-06-02;14.975;18;2;6;medium;2
2013-06-03;17.35;13;0;3;medium;1
2013-06-04;17.1625;15;3;37;medium;2
2013-06-05;19.0875;9;4;37;medium;2
2013-06-06;20.85;12;0;3;medium;1
2013-06-07;19.7;8;0;4;medium;2
2013-06-08;16.9625;9;1;5;medium;2
2013-06-09;15.8875;7;4;19;medium;2
2013-06-10;17.725;8;2;0;medium;1
2013-06-11;16.6625;9;2;6;medium;2
2013-06-12;22.35;7;5;52;high;2
2013-06-14;16.7125;16;2;0;medium;1
2013-06-15;17.0875;27;6;61;medium;3
2013-06-16;15.5875;16;7;21;medium;2
2013-06-17;17.9;8;0;2;medium;1
2013-06-18;20.05;10;1;0;medium;1
2013-06-19;23.5375;10;6;63;medium;3
2013-06-20;21.8375;10;2;6;medium;2
2013-06-21;19.575;14;7;63;medium;3
2013-06-22;19.7375;10;6;67;medium;4
2013-06-23;17.5375;10;6;21;medium;2
2013-06-24;15.95;12;7;63;medium;3
2013-06-25;15.175;10;7;21;medium;2
2013-06-26;13.825;18;7;61;low;3
2013-06-27;12.55;10;7;61;low;3
2013-06-28;13.05;10;7;61;low;3
2013-06-29;14.8375;16;6;61;low;3
2013-06-30;14.0125;15;7;63;low;3
2013-07-01;17.8375;15;6;20;medium;2
2013-07-02;17.3125;10;3;18;medium;2
2013-07-03;21.075;6;7;61;medium;3
2013-07-04;18.85;7;7;20;medium;2
2013-07-05;19.975;12;5;37;medium;2
2013-07-06;18.9625;8;0;3;medium;1
2013-07-07;21.375;9;0;3;medium;1
2013-07-08;22.725;10;0;5;medium;2
2013-07-09;23.275;8;0;2;high;1
2013-07-10;19.6875;13;2;5;medium;2
2013-07-11;21.375;12;0;5;medium;2
2013-07-12;20.2875;7;0;2;medium;1
2013-07-13;20.125;12;1;2;medium;1
2013-07-14;17.6875;15;5;5;medium;2
2013-07-15;18.7375;12;6;37;medium;2
2013-07-16;21.1875;10;1;2;medium;1
2013-07-17;22.5125;8;5;62;medium;2
2013-07-18;23.25;11;1;5;medium;2
2013-07-19;22.475;16;3;5;medium;2
2013-07-20;23.1875;8;0;1;medium;1
2013-07-21;26.375;8;0;1;high;1
2013-07-22;26.1;9;0;1;medium;1
2013-07-23;24.95;12;0;3;medium;1
2013-07-24;24.075;11;3;21;medium;2
2013-07-25;23.0875;9;2;14;medium;2
2013-07-26;27.2625;6;3;46;medium;2
2013-07-27;26.1625;10;1;0;medium;1
2013-07-28;24.8875;13;4;61;medium;3
2013-07-29;22.7875;10;1;7;medium;2
2013-07-30;21.075;13;5;21;medium;2
2013-07-31;20.275;16;5;65;medium;4
2013-08-01;23.4;7;6;21;medium;2
2013-08-02;31.4375;7;0;14;high;2
2013-08-03;23.3625;11;4;63;medium;3
2013-08-04;23.05;8;3;22;medium;2
2013-08-05;25.8;10;0;1;high;1
2013-08-06;22.225;13;5;21;medium;2
2013-08-07;19.2125;8;4;17;medium;2
2013-08-08;16.975;12;7;20;low;2
2013-08-09;20.3375;10;4;21;medium;2
2013-08-10;19.3625;12;7;61;medium;3
2013-08-11;16.3875;9;7;61;medium;3
2013-08-12;16.45;11;7;63;medium;3
2013-08-13;16.4;16;3;95;low;4
2013-08-14;18.2625;18;4;61;medium;3
2013-08-15;19.8;8;3;15;medium;2
2013-08-16;23.575;11;4;0;medium;1
2013-08-17;20.55;7;6;0;medium;1
2013-08-18;18.5875;10;7;63;medium;3
2013-08-19;18.4875;8;5;51;medium;3
2013-08-20;17.775;8;7;61;medium;3
2013-08-21;20.125;8;5;33;medium;2
2013-08-22;21.6625;8;4;30;medium;2
2013-08-23;22.0375;14;1;15;medium;2
2013-08-24;20.85;16;0;5;medium;2
2013-08-25;21.3875;16;0;5;medium;2
2013-08-26;20.125;15;0;5;medium;2
2013-08-27;21.0875;12;1;4;high;2
2013-08-28;21.3;7;0;2;medium;1
2013-08-29;20.2125;11;3;28;medium;2
2013-08-30;19.7875;8;6;5;medium;2
2013-08-31;18.35;16;5;21;medium;2
2013-09-01;15.8625;16;7;61;low;3
2013-09-02;16.575;17;7;63;low;3
2013-09-03;18.225;11;7;21;medium;2
2013-09-04;18.125;5;7;52;medium;2
2013-09-05;21.7;8;0;2;medium;1
2013-09-06;24.7;9;0;1;high;1
2013-09-07;22.7625;7;6;44;high;2
2013-09-08;20.1625;8;7;61;medium;3
2013-09-09;11.575;11;8;63;low;3
2013-09-10;13.5875;11;6;65;low;4
2013-09-11;13.9;8;6;61;low;3
2013-09-12;16.1125;6;6;61;medium;3
2013-09-13;17.4375;5;6;21;medium;2
2013-09-14;17.625;10;5;63;medium;3
2013-09-15;14.8625;10;7;21;medium;2
2013-09-16;13.1375;13;3;21;medium;2
2013-09-17;13.1375;10;5;63;low;3
2013-09-18;13.05;9;4;44;low;2
2013-09-19;14.8375;11;5;63;medium;3
2013-09-20;13.525;6;7;38;medium;2
2013-09-21;15.35;9;7;39;medium;2
2013-09-22;17.1375;14;6;21;medium;2
2013-09-23;17.3125;14;7;21;medium;2
2013-09-24;15.7375;10;8;54;medium;2
2013-09-25;13.5375;7;6;61;medium;3
2013-09-26;12.9875;12;1;4;low;2
2013-09-27;13.0125;8;5;21;low;2
2013-09-28;13.1;8;0;8;medium;2
2013-09-29;14.175;12;3;24;medium;2
2013-09-30;12.825;14;1;7;low;2
2013-10-01;12.9125;13;0;5;medium;2
2013-10-02;12.7;10;1;5;medium;2
2013-10-03;11.7625;12;0;5;low;2
2013-10-04;11.2;8;5;63;medium;3
2013-10-05;15.575;8;7;20;medium;2
2013-10-06;15.25;6;7;53;medium;3
2013-10-07;16.275;7;1;2;high;1
2013-10-08;15.1125;8;6;61;high;3
2013-10-09;14.3125;10;7;21;medium;2
2013-10-10;10.975;6;5;31;medium;2
2013-10-11;13.8625;20;7;10;medium;2
2013-10-12;13.025;21;8;63;medium;3
2013-10-13;10.8625;5;5;21;medium;2
2013-10-14;12.525;6;2;4;medium;2
2013-10-15;10.6625;4;7;63;medium;3
2013-10-16;12.275;7;8;59;medium;2
2013-10-17;12.0;15;7;65;medium;4
2013-10-18;9.075;9;1;8;low;2
2013-10-19;9.45;9;7;46;medium;2
2013-10-20;15.1875;8;7;21;medium;2
2013-10-21;14.2625;8;7;61;high;3
2013-10-22;17.6375;7;2;2;high;1
2013-10-23;17.675;9;6;42;high;2
2013-10-24;12.6875;12;5;61;medium;3
2013-10-25;11.8875;7;7;61;medium;3
2013-10-26;16.775;10;5;21;high;2
2013-10-27;14.9875;16;6;65;medium;4
2013-10-28;14.3625;29;7;63;medium;3
2013-10-29;10.775;17;7;63;medium;3
2013-10-30;10.4375;10;6;61;medium;3
2013-10-31;11.1625;13;5;21;medium;2
2013-11-01;10.625;9;8;63;medium;3
2013-11-02;8.8875;3;8;63;medium;3
2013-11-03;10.7;15;6;21;medium;2
2013-11-04;6.8375;7;7;63;low;3
2013-11-05;8.9;12;4;61;medium;3
2013-11-06;8.1375;12;4;63;medium;3
2013-11-07;9.5;10;6;61;medium;3
2013-11-08;9.325;9;3;4;medium;2
2013-11-09;7.7;16;5;63;medium;3
2013-11-10;6.9875;12;2;63;medium;3
2013-11-11;8.3125;5;2;9;medium;2
2013-11-12;5.9375;9;7;61;medium;3
2013-11-13;8.8;12;1;0;medium;1
2013-11-14;6.9375;9;5;21;medium;2
2013-11-15;6.45;6;7;21;low;2
2013-11-16;8.875;12;8;49;medium;2
2013-11-17;8.8875;8;2;0;medium;1
2013-11-18;6.65;5;7;63;medium;3
2013-11-19;5.8375;8;8;61;medium;3
2013-11-20;3.85;6;6;27;low;2
2013-11-21;3.275;8;2;10;medium;2
2013-11-22;5.375;10;7;21;medium;2
2013-11-23;4.9125;6;3;33;medium;2
2013-11-24;4.6;16;0;14;medium;2
2013-11-25;3.7;10;0;8;medium;2
2013-11-26;2.3125;6;2;23;low;2
2013-11-27;7.3125;12;8;61;high;3
2013-11-28;8.025;18;2;22;high;2
2013-11-29;5.9875;11;8;63;medium;3
2013-11-30;5.525;10;7;20;medium;2
2013-12-01;8.6625;20;5;61;medium;3
2013-12-02;3.0625;4;0;10;medium;2
2013-12-03;1.7125;6;8;28;medium;2
2013-12-04;5.85;11;7;63;medium;3
2013-12-05;4.4625;24;7;63;medium;3
2013-12-06;1.7875;25;6;73;medium;5
2013-12-07;1.0;11;5;22;medium;2
2013-12-08;6.975;16;8;63;medium;3
2013-12-09;9.2375;10;7;45;medium;2
2013-12-10;7.1875;8;7;61;medium;3
2013-12-11;5.025;9;7;10;medium;2
2013-12-12;2.525;8;8;28;medium;2
2013-12-13;3.5375;6;7;61;medium;3
2013-12-14;3.0125;7;7;61;medium;3
2013-12-15;7.925;12;8;61;high;3
2013-12-16;8.775;12;8;49;high;2
2013-12-17;4.95;8;8;61;medium;3
2013-12-18;6.85;8;7;10;medium;2
2013-12-19;7.4;10;7;63;medium;3
2013-12-20;5.2875;10;7;61;medium;3
2013-12-21;6.5625;13;8;63;medium;3
2013-12-22;8.1375;12;7;61;medium;3
2013-12-23;5.4875;10;3;23;low;2
2013-12-24;11.4375;18;7;61;high;3
2013-12-25;8.5625;13;6;21;medium;2
2013-12-26;3.775;6;6;28;medium;2
2013-12-27;5.7625;15;7;63;medium;3
2013-12-28;7.0625;9;7;21;medium;2
2013-12-29;5.7125;9;7;63;medium;3
2013-12-30;4.75;11;4;10;medium;2
2013-12-31;5.0375;7;4;39;medium;2
2014-01-01;4.5125;8;5;63;medium;3
2014-01-02;6.25;9;7;63;medium;3
2014-01-03;6.8375;10;7;63;medium;3
2014-01-04;6.9375;11;5;25;medium;2
2014-01-05;6.1875;11;7;63;medium;3
2014-01-06;7.9125;11;7;65;high;4
2014-01-07;10.4375;13;7;21;high;2
2014-01-08;8.6375;15;7;63;high;3
2014-01-09;9.6125;16;7;61;high;3
2014-01-10;6.6375;17;7;61;medium;3
2014-01-11;5.5875;18;7;63;medium;3
2014-01-12;5.525;16;2;21;medium;2
2014-01-13;3.1375;10;8;69;medium;2
2014-01-14;4.225;6;6;28;high;2
2014-01-15;3.228571;7;7;28;medium;2
2014-01-16;2.7375;9;8;63;medium;3
2014-01-17;6.7375;4;7;61;high;3
2014-01-18;5.8875;8;7;61;high;3
2014-01-19;2.8625;19;7;10;medium;2
2014-01-20;0.3875;13;8;61;medium;3
2014-01-21;-0.65;7;7;77;medium;4
2014-01-22;-3.1125;14;8;22;low;2
2014-01-23;-3.1875;11;8;22;low;2
2014-01-24;-5.1625;13;2;10;low;2
2014-01-25;-7.0375;8;5;66;low;4
2014-01-26;-8.475;10;1;10;low;2
2014-01-27;0.7;9;5;69;medium;2
2014-01-28;-0.2625;10;7;10;low;2
2014-01-29;-5.05;13;7;77;low;4
2014-01-30;-4.4875;8;7;77;low;4
2014-01-31;-3.6875;7;8;10;low;2
2014-02-01;3.225;10;7;63;medium;3
2014-02-02;5.4875;8;0;5;medium;2
2014-02-03;3.475;8;1;10;medium;2
2014-02-04;3.925;6;5;10;medium;2
2014-02-05;3.675;8;4;10;medium;2
2014-02-06;7.875;11;7;20;medium;2
2014-02-07;8.475;15;7;63;high;3
2014-02-08;6.2875;12;7;61;medium;3
2014-02-09;6.7125;15;5;63;medium;3
2014-02-10;6.6375;9;2;19;medium;2
2014-02-11;4.925;12;7;61;medium;3
2014-02-12;6.1;13;4;10;high;2
2014-02-13;7.45;13;5;40;high;2
2014-02-14;5.2125;9;5;10;medium;2
2014-02-15;11.5;15;5;46;high;2
2014-02-16;6.0625;17;7;63;medium;3
2014-02-17;6.6875;9;0;3;medium;1
2014-02-18;7.8;8;7;10;medium;2
2014-02-19;6.325;8;7;61;medium;3
2014-02-20;9.1;11;6;10;high;2
2014-02-21;7.5125;11;7;61;medium;3
2014-02-22;5.925;11;7;21;medium;2
2014-02-23;8.625;12;1;4;high;2
2014-02-24;9.4125;11;1;3;high;1
2014-02-25;10.475;7;1;2;high;1
2014-02-26;10.1875;8;5;27;medium;2
2014-02-27;8.8875;7;1;10;medium;2
2014-02-28;6.1875;6;7;61;medium;3
2014-03-01;5.075;9;2;10;medium;2
2014-03-02;6.5625;9;6;10;medium;2
2014-03-03;9.1875;10;0;5;medium;2
2014-03-04;6.6875;7;7;10;medium;2
2014-03-05;4.6875;7;7;28;medium;2
2014-03-06;8.925;9;3;10;high;2
2014-03-07;11.275;10;6;5;high;2
2014-03-08;9.9375;6;0;3;medium;1
2014-03-09;16.4;9;0;1;high;1
2014-03-10;15.8;9;0;3;high;1
2014-03-11;7.85;9;0;5;medium;2
2014-03-12;10.2125;8;0;0;high;1
2014-03-13;13.375;10;0;6;high;2
2014-03-14;9.6125;10;1;7;high;2
2014-03-15;9.0375;27;4;46;medium;2
2014-03-16;9.3375;24;7;61;medium;3
2014-03-17;9.5875;18;7;61;medium;3
2014-03-18;9.6875;16;7;21;medium;2
2014-03-19;9.45;18;7;61;medium;3
2014-03-20;16.2625;13;0;26;high;2
2014-03-21;6.8875;14;7;63;medium;3
2014-03-22;8.85;11;5;63;medium;3
2014-03-23;8.3625;10;4;18;medium;2
2014-03-24;7.5625;7;3;8;medium;2
2014-03-25;7.725;10;2;21;medium;2
2014-03-26;7.85;11;5;21;medium;2
2014-03-27;5.1;12;6;45;medium;2
2014-03-28;5.4;12;8;10;low;2
2014-03-29;9.375;8;3;10;medium;2
2014-03-30;11.2625;8;0;28;medium;2
2014-03-31;7.4375;4;7;45;medium;2
2014-04-01;5.7625;13;8;10;medium;2
2014-04-02;12.45;8;2;10;medium;2
2014-04-03;7.6125;15;3;10;medium;2
2014-04-04;6.45;15;6;0;medium;1
2014-04-05;9.825;5;8;61;medium;3
2014-04-06;12.1875;8;7;63;medium;3
2014-04-07;15.7875;10;7;63;high;3
2014-04-08;9.8125;19;7;61;medium;3
2014-04-09;10.1875;20;7;21;medium;2
2014-04-10;9.75;4;7;37;medium;2
2014-04-11;12.0625;10;6;55;medium;3
2014-04-12;11.2;12;4;0;medium;1
2014-04-13;11.0125;21;6;45;high;2
2014-04-14;8.9;23;5;61;medium;3
2014-04-15;9.9125;15;0;4;medium;2
2014-04-16;11.3625;9;0;9;medium;2
2014-04-17;14.4;14;5;66;high;4
2014-04-18;8.2375;11;7;61;medium;3
2014-04-19;11.125;13;1;5;medium;2
2014-04-20;13.875;15;0;5;medium;2
2014-04-21;13.425;15;4;0;medium;1
2014-04-22;15.45;10;3;10;high;2
2014-04-23;9.825;11;8;21;medium;2
2014-04-24;9.175;11;8;45;medium;2
2014-04-25;13.5625;12;0;6;medium;2
2014-04-26;15.45;11;0;15;high;2
2014-04-27;16.225;16;0;4;medium;2
2014-04-28;15.8875;11;0;4;high;2
2014-04-29;18.0875;8;0;0;high;1
2014-04-30;18.0;8;3;12;high;2
2014-05-01;10.4875;14;4;22;medium;2
2014-05-02;10.225;13;6;29;medium;2
2014-05-03;11.8625;13;3;22;medium;2
2014-05-04;9.6;11;7;53;medium;3
2014-05-05;10.7125;6;8;21;medium;2
2014-05-06;15.775;9;7;51;medium;3
2014-05-07;14.2125;15;4;65;medium;4
2014-05-08;12.45;10;7;63;medium;3
2014-05-09;12.3875;10;6;61;medium;3
2014-05-10;13.275;12;7;61;medium;3
2014-05-11;11.5625;12;7;63;low;3
2014-05-12;12.7;14;7;63;medium;3
2014-05-13;11.5625;15;7;21;medium;2
2014-05-14;11.5625;16;7;46;medium;2
2014-05-15;13.7875;8;2;18;medium;2
2014-05-16;13.8875;9;5;37;medium;2
2014-05-17;16.625;8;0;0;medium;1
2014-05-18;16.5125;13;4;22;medium;2
2014-05-19;13.7625;8;6;61;medium;3
2014-05-20;20.725;12;0;3;high;1
2014-05-21;26.8625;8;2;3;high;1
2014-05-22;26.375;8;0;1;high;1
2014-05-23;18.0125;12;7;65;medium;4
2014-05-24;17.9625;8;2;0;medium;1
2014-05-25;20.4625;11;2;6;high;2
2014-05-26;19.9625;13;0;2;medium;1
2014-05-27;12.8875;21;7;21;medium;2
2014-05-28;10.2;22;7;21;low;2
2014-05-29;12.7;14;4;23;medium;2
2014-05-30;17.9625;13;0;3;medium;1
2014-05-31;15.9125;15;3;29;medium;2
2014-06-01;13.825;6;7;21;low;2
2014-06-02;17.625;9;0;1;medium;1
2014-06-03;20.0;9;1;3;medium;1
2014-06-04;21.4875;14;1;15;medium;2
2014-06-05;15.0375;18;5;65;low;4
2014-06-06;19.3125;12;3;31;medium;2
2014-06-07;17.9625;8;0;2;medium;1
2014-06-08;22.1;12;6;21;high;2
2014-06-09;20.6625;10;0;3;medium;1
2014-06-10;25.7875;9;1;1;high;1
2014-06-11;20.5;8;7;61;medium;3
2014-06-12;19.55;12;4;44;medium;2
2014-06-13;17.45;18;7;21;medium;2
2014-06-14;18.9125;13;1;2;medium;1
2014-06-15;19.275;8;0;3;medium;1
2014-06-16;18.3125;10;6;0;medium;1
2014-06-17;20.375;7;1;2;medium;1
2014-06-18;19.3;13;3;18;medium;2
2014-06-19;15.2875;19;7;21;medium;2
2014-06-20;15.9875;16;7;57;low;3
2014-06-21;15.5125;18;6;61;medium;3
2014-06-22;15.7;19;5;43;medium;2
2014-06-23;16.5;17;4;48;medium;2
2014-06-24;14.3625;7;7;21;medium;2
2014-06-25;18.4375;10;0;3;medium;1
2014-06-26;17.575;8;6;63;medium;3
2014-06-27;20.1625;7;4;95;medium;4
2014-06-28;16.9625;6;6;95;medium;4
2014-06-29;17.3125;8;7;61;medium;3
2014-06-30;18.3375;12;3;17;medium;2
2014-07-01;15.6875;14;6;61;low;3
2014-07-02;17.1125;15;6;45;medium;2
2014-07-03;20.4;9;7;61;medium;3
2014-07-04;26.9375;10;0;1;high;1
2014-07-05;24.5875;10;6;65;high;4
2014-07-06;25.2375;6;5;59;high;2
2014-07-07;20.8;10;5;68;medium;2
2014-07-08;19.6;15;7;63;medium;3
2014-07-09;24.65;24;0;5;high;2
2014-07-10;24.757142;18;0;0;high;1
2014-07-11;22.9375;18;1;3;high;1
2014-07-12;20.375;12;0;4;medium;2
2014-07-13;18.6;10;7;61;medium;3
2014-07-14;19.45;15;7;63;medium;3
2014-07-15;22.2625;9;6;60;high;2
2014-07-16;19.4125;7;6;41;medium;2
2014-07-17;22.7625;7;4;25;medium;2
2014-07-18;26.05;10;1;0;high;1
2014-07-19;28.0625;13;0;15;high;2
2014-07-20;24.3125;15;3;14;medium;2
2014-07-21;23.4875;19;0;5;medium;2
2014-07-22;24.9875;14;0;4;medium;2
2014-07-23;25.0;14;0;4;medium;2
2014-07-24;24.8375;11;0;4;medium;2
2014-07-25;26.325;18;0;4;medium;2
2014-07-26;22.375;10;6;21;medium;2
2014-07-27;25.55;12;3;21;medium;2
2014-07-28;24.7625;7;0;1;medium;1
2014-07-29;25.35;10;0;1;high;1
2014-07-30;22.925;12;6;29;medium;2
2014-07-31;22.4375;12;3;21;medium;2
2014-08-01;26.725;8;1;3;high;1
2014-08-02;26.0875;12;2;17;medium;2
2014-08-03;23.0875;9;5;63;medium;3
2014-08-04;22.5125;8;6;48;medium;2
2014-08-05;23.0875;10;5;69;medium;2
2014-08-06;22.825;10;0;3;medium;1
2014-08-07;20.3125;6;7;61;medium;3
2014-08-08;22.725;8;3;25;medium;2
2014-08-09;20.1;17;6;61;medium;3
2014-08-10;23.1;12;6;29;high;2
2014-08-11;20.075;13;4;21;medium;2
2014-08-12;16.9125;12;5;95;medium;4
2014-08-13;20.9375;10;2;24;medium;2
2014-08-14;18.05;10;7;65;medium;4
2014-08-15;18.3625;8;6;61;low;3
2014-08-16;17.2;15;6;61;low;3
2014-08-17;15.65;13;7;61;low;3
2014-08-18;15.2;15;6;61;low;3
2014-08-19;14.0875;12;6;61;low;3
2014-08-20;15.675;17;5;21;low;2
2014-08-21;16.2625;11;5;21;low;2
2014-08-22;16.325;12;7;61;low;3
2014-08-23;15.9875;11;4;21;low;2
2014-08-24;16.3125;20;3;21;medium;2
2014-08-25;14.7875;13;5;65;medium;4
2014-08-26;17.325;7;3;14;medium;2
2014-08-27;19.875;9;1;3;medium;1
2014-08-28;19.75;9;0;0;medium;1
2014-08-29;19.125;12;5;63;medium;3
2014-08-30;17.75;9;7;61;medium;3
2014-08-31;16.375;8;7;21;medium;2
2014-09-01;17.875;12;7;61;medium;3
2014-09-02;18.375;13;2;17;medium;2
2014-09-03;18.75;13;2;17;medium;2
2014-09-04;20.0;15;0;4;medium;2
2014-09-05;21.375;10;2;5;medium;2
2014-09-06;24.0;5;2;8;high;2
2014-09-07;20.0;6;5;21;medium;2
2014-09-08;17.375;12;4;21;medium;2
2014-09-09;17.125;16;6;63;medium;3
2014-09-10;18.625;12;2;6;medium;2
2014-09-11;17.375;13;4;30;medium;2
2014-09-12;18.25;11;1;6;medium;2
2014-09-13;17.0;12;7;43;medium;2
2014-09-14;17.625;14;7;61;medium;3
2014-09-15;19.75;13;2;9;medium;2
2014-09-16;20.125;13;0;2;medium;1
2014-09-17;19.875;18;1;3;high;1
2014-09-18;20.5;13;0;2;high;1
2014-09-19;20.75;9;0;5;high;2
2014-09-20;19.375;7;3;10;high;2
2014-09-21;17.0;15;4;21;medium;2
2014-09-22;13.0;17;6;21;medium;2
2014-09-23;14.75;6;4;25;medium;2
2014-09-24;15.375;10;7;63;medium;3
2014-09-25;14.5;17;7;61;medium;3
2014-09-26;16.75;13;7;61;medium;3
2014-09-27;16.375;14;2;19;medium;2
2014-09-28;18.5;7;4;2;high;1
2014-09-29;18.125;6;6;42;medium;2
2014-09-30;16.5;5;7;61;high;3
2014-10-01;17.75;6;6;10;high;2
2014-10-02;18.0;6;6;42;high;2
2014-10-03;20.0;6;3;10;high;2
2014-10-04;18.5;8;0;5;high;2
2014-10-05;16.25;7;1;2;medium;1
2014-10-06;15.75;15;2;10;medium;2
2014-10-07;13.0;10;7;65;medium;4
2014-10-08;14.125;10;6;61;medium;3
2014-10-09;17.875;10;5;17;high;2
2014-10-10;16.375;10;4;29;high;2
2014-10-11;17.0;5;3;8;medium;2
2014-10-12;15.125;7;5;20;medium;2
2014-10-13;12.625;12;7;63;medium;3
2014-10-14;14.0;5;6;61;medium;3
2014-10-15;13.875;6;7;21;medium;2
2014-10-16;13.5;6;7;61;medium;3
2014-10-17;14.375;10;7;65;medium;4
2014-10-18;15.25;7;7;21;medium;2
2014-10-19;17.375;13;7;95;high;4
2014-10-20;14.625;18;6;61;medium;3
2014-10-21;12.5;9;7;63;medium;3
2014-10-22;13.0;12;6;0;medium;1
2014-10-23;13.125;7;6;0;medium;1
2014-10-24;13.5;9;7;54;high;2
2014-10-25;12.125;7;7;61;medium;3
2014-10-26;12.75;9;5;0;medium;1
2014-10-27;14.5;9;2;5;medium;2
2014-10-28;13.875;8;0;4;medium;2
2014-10-29;8.375;7;7;20;medium;2
2014-10-30;10.625;5;2;10;medium;2
2014-10-31;12.875;5;8;10;high;2
2014-11-01;16.5;8;2;0;high;1
2014-11-02;15.375;10;3;21;high;2
2014-11-03;13.75;12;4;0;high;1
2014-11-04;11.625;8;7;61;high;3
2014-11-05;9.5;11;7;61;medium;3
2014-11-06;8.875;10;5;0;medium;1
2014-11-07;8.625;9;0;10;medium;2
2014-11-08;10.25;8;6;41;medium;2
2014-11-09;10.625;8;3;5;medium;2
2014-11-10;8.75;7;6;61;medium;3
2014-11-11;8.625;7;2;10;medium;2
2014-11-12;9.75;10;7;10;medium;2
2014-11-13;10.75;4;7;28;medium;2
2014-11-14;10.75;10;7;10;high;2
2014-11-15;9.25;14;8;10;medium;2
2014-11-16;8.0;14;7;61;medium;3
2014-11-17;9.625;7;7;10;medium;2
2014-11-18;8.875;13;7;61;medium;3
2014-11-19;8.5;11;7;61;medium;3
2014-11-20;6.125;7;5;0;medium;1
2014-11-21;6.5;5;6;61;medium;3
2014-11-22;5.75;9;7;61;medium;3
2014-11-23;6.75;7;6;21;medium;2
2014-11-24;9.375;10;3;0;high;1
2014-11-25;6.875;4;0;0;high;1
2014-11-26;5.625;8;3;12;medium;2
2014-11-27;4.5;10;0;10;medium;2
2014-11-28;1.625;16;6;10;low;2
2014-11-29;1.0;10;8;5;low;2
2014-11-30;0.0;11;8;10;low;2
2014-12-01;-2.0;13;7;10;low;2
2014-12-02;-3.0;7;8;10;low;2
2014-12-03;0.625;10;7;10;medium;2
2014-12-04;3.75;9;8;61;medium;3
2014-12-05;2.0;7;7;61;medium;3
2014-12-06;5.75;7;2;10;medium;2
2014-12-07;4.875;12;7;61;medium;3
2014-12-08;3.25;8;7;61;medium;3
2014-12-09;2.125;9;8;45;low;2
2014-12-10;4.875;13;5;61;medium;3
2014-12-11;4.0;12;7;95;medium;4
2014-12-12;7.25;18;7;61;medium;3
2014-12-13;4.75;10;5;61;medium;3
2014-12-14;3.5;9;4;10;medium;2
2014-12-15;4.75;11;7;61;medium;3
2014-12-16;4.625;12;8;61;medium;3
2014-12-17;3.625;10;7;61;medium;3
2014-12-18;10.0;11;7;61;high;3
2014-12-19;8.125;15;5;61;medium;3
2014-12-20;5.375;24;6;21;medium;2
2014-12-21;6.625;14;6;21;medium;2
2014-12-22;9.75;21;7;63;medium;3
2014-12-23;9.125;19;7;61;medium;3
2014-12-24;7.75;21;5;61;medium;3
2014-12-25;3.125;17;7;71;low;5
2014-12-26;0.0;6;6;22;low;2
2014-12-27;-0.25;8;3;15;low;2
2014-12-28;-0.5;7;1;0;low;1
2014-12-29;0.75;10;5;0;low;1
2014-12-30;5.25;9;7;21;medium;2
2014-12-31;7.375;11;6;61;medium;3
2015-01-01;4.125;13;8;10;medium;2
2015-01-02;7.75;24;6;61;high;3
2015-01-03;4.875;25;7;69;medium;2
2015-01-04;4.75;15;0;11;medium;2
2015-01-05;5.875;8;8;20;medium;2
2015-01-06;3.625;8;8;10;medium;2
2015-01-07;5.75;10;6;61;medium;3
2015-01-08;6.375;9;8;61;medium;3
2015-01-09;7.5;25;6;63;medium;3
2015-01-10;10.0;28;6;61;high;3
2015-01-11;4.25;23;5;61;medium;3
2015-01-12;7.5;19;7;61;high;3
2015-01-13;7.75;14;7;61;high;3
2015-01-14;3.125;16;6;71;medium;5
2015-01-15;6.75;14;7;61;high;3
2015-01-16;6.75;13;6;0;high;1
2015-01-17;4.25;12;1;21;medium;2
2015-01-18;2.0;9;8;61;medium;3
2015-01-19;1.0;5;7;71;medium;5
2015-01-20;-0.375;4;7;77;medium;4
2015-01-21;-1.125;4;8;10;medium;2
2015-01-22;-1.375;3;7;49;medium;2
2015-01-23;-1.25;5;8;20;medium;2
2015-01-24;-0.5;10;7;71;medium;5
2015-01-25;2.875;6;6;41;medium;2
2015-01-26;3.375;10;7;61;medium;3
2015-01-27;4.875;13;2;11;medium;2
2015-01-28;4.875;17;7;61;medium;3
2015-01-29;1.5;12;7;75;medium;5
2015-01-30;1.125;6;7;41;medium;2
2015-01-31;-2.375;7;7;49;medium;2
2015-02-01;-0.25;9;7;75;medium;5
2015-02-02;1.0;10;6;22;medium;2
2015-02-03;-1.0;10;7;77;medium;4
2015-02-04;-1.875;9;6;0;medium;1
2015-02-05;0.75;10;5;22;medium;2
2015-02-06;-0.5;6;2;22;medium;2
2015-02-07;4.125;18;7;20;medium;2
2015-02-08;3.375;14;1;26;medium;2
2015-02-09;6.875;13;7;61;medium;3
2015-02-10;7.625;11;7;54;high;2
2015-02-11;4.0;5;8;32;medium;2
2015-02-12;2.0;4;8;10;medium;2
2015-02-13;1.25;6;8;10;medium;2
2015-02-14;1.625;9;7;28;medium;2
2015-02-15;3.125;16;7;10;medium;2
2015-02-16;2.0;9;8;10;medium;2
2015-02-17;1.125;7;6;45;low;2
2015-02-18;5.5;12;3;10;medium;2
2015-02-19;6.25;13;0;5;medium;2
2015-02-20;3.875;11;8;71;medium;5
2015-02-21;3.875;16;7;61;medium;3
2015-02-22;5.25;13;5;0;medium;1
2015-02-23;4.5;12;7;61;medium;3
2015-02-24;5.625;12;7;61;medium;3
2015-02-25;5.875;10;5;41;medium;2
2015-02-26;6.625;10;5;0;medium;1
2015-02-27;4.5;9;7;61;medium;3
2015-02-28;5.625;10;3;0;medium;1
2015-03-01;6.75;15;7;61;medium;3
2015-03-02;5.125;23;6;61;medium;3
2015-03-03;5.0;14;6;61;medium;3
2015-03-04;5.0;18;6;61;medium;3
2015-03-05;6.625;14;7;49;medium;2
2015-03-06;8.125;12;7;20;high;2
2015-03-07;10.125;13;7;0;medium;1
2015-03-08;14.0;12;0;16;high;2
2015-03-09;8.375;6;4;16;medium;2
2015-03-10;9.5;13;3;10;medium;2
2015-03-11;9.125;12;0;3;medium;1
2015-03-12;7.125;10;0;0;medium;1
2015-03-13;4.875;15;6;53;medium;3
2015-03-14;5.125;15;7;62;medium;2
2015-03-15;5.75;13;7;21;medium;2
2015-03-16;8.625;13;2;10;medium;2
2015-03-17;10.75;11;1;5;medium;2
2015-03-18;10.625;8;4;28;medium;2
2015-03-19;10.375;9;0;0;high;1
2015-03-20;5.0;9;7;45;medium;2
2015-03-21;4.5;21;7;61;low;3
2015-03-22;4.375;8;0;6;low;2
2015-03-23;7.75;12;0;3;medium;1
2015-03-24;7.875;6;6;0;medium;1
2015-03-25;7.875;14;6;5;medium;2
2015-03-26;7.125;9;7;0;medium;1
2015-03-27;7.0;7;7;61;medium;3
2015-03-28;8.5;10;7;50;medium;3
2015-03-29;8.25;12;7;61;medium;3
2015-03-30;6.5;29;6;61;medium;3
2015-03-31;6.375;35;7;61;medium;3
2015-04-01;5.0;24;4;22;medium;2
2015-04-02;6.5;19;6;61;medium;3
2015-04-03;7.375;14;5;54;medium;2
2015-04-04;8.375;11;0;2;medium;1
2015-04-05;8.625;11;3;21;medium;2
2015-04-06;7.75;10;0;4;medium;2
2015-04-07;7.75;14;7;61;medium;3
2015-04-08;12.0;11;2;4;medium;2
2015-04-09;11.875;7;2;0;medium;1
2015-04-10;14.125;8;1;5;high;2
2015-04-11;16.75;14;2;61;high;3
2015-04-12;12.375;16;5;23;high;2
2015-04-13;8.875;21;4;61;medium;3
2015-04-14;10.75;17;7;61;high;3
2015-04-15;15.5;19;0;5;high;2
2015-04-16;9.375;16;6;21;medium;2
2015-04-17;10.5;15;0;4;medium;2
2015-04-18;10.875;8;0;7;medium;2
2015-04-19;10.125;11;0;3;medium;1
2015-04-20;14.25;9;0;4;medium;2
2015-04-21;14.625;17;0;5;medium;2
2015-04-22;12.125;7;0;1;medium;1
2015-04-23;13.625;12;1;16;medium;2
2015-04-24;13.875;9;2;20;medium;2
2015-04-25;13.75;8;7;63;medium;3
2015-04-26;7.0;11;8;61;medium;3
2015-04-27;10.125;11;4;18;medium;2
2015-04-28;10.25;13;3;10;medium;2
2015-04-29;12.625;12;5;45;medium;2
2015-04-30;11.375;10;6;61;medium;3
2015-05-01;10.0;6;6;21;medium;2
2015-05-02;11.0;12;3;0;medium;1
2015-05-03;14.75;12;1;61;medium;3
2015-05-04;15.875;13;5;21;high;2
2015-05-05;20.0;15;4;95;high;4
2015-05-06;17.125;11;3;21;medium;2
2015-05-07;12.0;16;6;21;medium;2
2015-05-08;11.5;11;2;4;medium;2
2015-05-09;13.5;14;7;61;medium;3
2015-05-10;12.75;18;2;0;medium;1
2015-05-11;19.75;11;0;3;high;1
2015-05-12;14.625;14;7;63;medium;3
2015-05-13;11.875;16;7;21;medium;2
2015-05-14;11.25;10;7;20;medium;2
2015-05-15;13.5;9;6;53;medium;3
2015-05-16;10.5;11;7;61;medium;3
2015-05-17;12.625;17;3;21;medium;2
2015-05-18;11.625;8;6;61;low;3
2015-05-19;10.125;11;6;63;low;3
2015-05-20;12.25;9;5;63;low;3
2015-05-21;12.625;10;6;61;low;3
2015-05-22;17.0;12;4;44;medium;2
2015-05-23;13.375;8;5;0;medium;1
2015-05-24;14.375;8;2;18;medium;2
2015-05-25;11.75;10;7;61;low;3
2015-05-26;13.0;14;6;21;low;2
2015-05-27;12.625;13;7;61;medium;3
2015-05-28;13.125;12;6;63;medium;3
2015-05-29;14.625;8;6;61;medium;3
2015-05-30;11.625;15;4;61;low;3
2015-05-31;14.5;10;7;61;medium;3
2015-06-01;14.25;16;5;47;medium;2
2015-06-02;14.25;14;7;61;medium;3
2015-06-03;15.25;18;6;21;medium;2
2015-06-04;16.375;9;0;0;medium;1
2015-06-05;22.625;9;0;2;medium;1
2015-06-06;18.5;19;3;10;medium;2
2015-06-07;16.625;15;4;45;medium;2
2015-06-08;14.375;12;6;54;low;2
2015-06-09;15.25;8;3;23;low;2
2015-06-10;18.0;7;0;4;medium;2
2015-06-11;16.0;10;1;7;medium;2
2015-06-12;20.25;10;0;3;medium;1
2015-06-13;21.875;12;6;61;high;3
2015-06-14;14.375;12;7;52;low;2
2015-06-15;13.625;11;8;21;low;2
2015-06-16;13.625;14;7;53;low;3
2015-06-17;16.5;9;7;61;low;3
2015-06-18;13.25;13;7;61;low;3
2015-06-19;14.25;14;7;61;low;3
2015-06-20;17.125;13;5;25;medium;2
2015-06-21;15.75;6;6;58;medium;3
2015-06-22;13.5;8;5;61;low;3
2015-06-23;16.5;10;5;21;medium;2
2015-06-24;12.625;14;8;61;low;3
2015-06-25;17.125;8;6;21;medium;2
2015-06-26;19.25;5;7;61;medium;3
2015-06-27;19.375;16;7;61;medium;3
2015-06-28;19.875;10;2;24;medium;2
2015-06-29;21.5;12;3;25;medium;2
2015-06-30;20.25;9;3;40;medium;2
2015-07-01;23.125;13;0;3;high;1
2015-07-02;27.375;12;0;15;high;2
2015-07-03;25.625;10;1;1;high;1
2015-07-04;26.5;10;0;0;high;1
2015-07-05;25.25;9;4;21;high;2
2015-07-06;19.875;16;3;27;medium;2
2015-07-07;24.75;9;4;61;high;3
2015-07-08;16.625;16;6;63;low;3
2015-07-09;14.375;24;6;61;low;3
2015-07-10;16.125;18;3;21;low;2
2015-07-11;17.75;9;6;21;medium;2
2015-07-12;19.25;12;7;61;medium;3
2015-07-13;19.375;11;6;68;medium;2
2015-07-14;19.625;9;3;0;high;1
2015-07-15;20.125;14;3;51;medium;3
2015-07-16;18.75;7;4;16;medium;2
2015-07-17;23.25;12;4;21;medium;2
2015-07-18;20.875;16;2;10;medium;2
2015-07-19;14.5;5;7;63;low;3
2015-07-20;18.375;12;6;20;low;2
2015-07-21;21.375;16;3;0;medium;1
2015-07-22;23.75;12;2;0;medium;1
2015-07-23;18.375;12;5;61;low;3
2015-07-24;19.375;10;7;52;low;2
2015-07-25;20.0;10;6;95;medium;4
2015-07-26;16.75;19;5;61;low;3
2015-07-27;15.875;8;7;61;low;3
2015-07-28;17.375;15;7;63;low;3
2015-07-29;14.875;12;5;61;low;3
2015-07-30;14.0;16;7;61;low;3
2015-07-31;15.875;15;7;57;low;3
2015-08-01;17.625;12;0;3;low;1
2015-08-02;21.5;8;0;4;medium;2
2015-08-03;26.0;7;0;1;high;1
2015-08-04;26.5;15;2;61;high;3
2015-08-05;21.75;8;2;21;medium;2
2015-08-06;27.625;6;1;27;high;2
2015-08-07;20.0;9;4;63;medium;3
2015-08-08;19.125;10;6;40;medium;2
2015-08-09;21.0;10;0;2;medium;1
2015-08-10;22.5;8;3;21;high;2
2015-08-11;22.125;7;4;40;high;2
2015-08-12;19.125;9;5;21;medium;2
2015-08-13;20.75;13;0;0;medium;1
2015-08-14;24.0;14;4;17;high;2
2015-08-15;20.875;8;7;61;medium;3
2015-08-16;21.5;10;6;0;medium;1
2015-08-17;19.375;14;7;61;medium;3
2015-08-18;19.25;13;7;21;medium;2
2015-08-19;19.625;8;3;5;medium;2
2015-08-20;20.375;8;1;10;medium;2
2015-08-21;22.875;7;1;0;high;1
2015-08-22;23.5;12;0;3;medium;1
2015-08-23;21.625;18;0;0;medium;1
2015-08-24;20.75;8;6;25;medium;2
2015-08-25;17.75;12;6;21;medium;2
2015-08-26;22.125;9;5;69;medium;2
2015-08-27;18.125;12;6;61;medium;3
2015-08-28;19.625;11;2;20;medium;2
2015-08-29;20.125;6;4;33;medium;2
2015-08-30;19.375;10;5;21;medium;2
2015-08-31;21.875;8;3;65;high;4
2015-09-01;17.625;12;8;61;medium;3
2015-09-02;17.0;13;5;21;medium;2
2015-09-03;17.75;8;3;6;medium;2
2015-09-04;15.625;10;7;61;low;3
2015-09-05;14.125;20;5;61;low;3
2015-09-06;17.0;18;5;41;low;2
2015-09-07;17.25;12;0;3;medium;1
2015-09-08;17.5;9;2;0;medium;1
2015-09-09;16.875;10;1;9;medium;2
2015-09-10;17.625;14;1;27;medium;2
2015-09-11;15.0;12;7;61;medium;3
2015-09-12;18.5;8;5;51;medium;3
2015-09-13;18.5;5;6;20;medium;2
2015-09-14;17.625;6;7;63;medium;3
2015-09-15;13.875;10;4;95;medium;4
2015-09-16;15.25;6;7;61;medium;3
2015-09-17;18.0;12;6;61;medium;3
2015-09-18;17.25;10;5;0;medium;1
2015-09-19;15.25;7;7;61;medium;3
2015-09-20;15.625;15;3;21;medium;2
2015-09-21;13.375;6;7;61;low;3
2015-09-22;14.25;7;7;61;medium;3
2015-09-23;14.0;5;7;20;medium;2
2015-09-24;16.0;11;3;0;medium;1
2015-09-25;14.875;8;4;61;medium;3
2015-09-26;15.25;7;4;21;medium;2
2015-09-27;15.25;8;1;4;medium;2
2015-09-28;14.625;7;2;0;medium;1
2015-09-29;15.625;9;2;0;medium;1
2015-09-30;15.375;6;0;0;medium;1
2015-10-01;14.75;9;1;0;medium;1
2015-10-02;15.375;7;2;10;medium;2
2015-10-03;14.375;9;2;0;medium;1
2015-10-04;15.625;7;6;45;medium;2
2015-10-05;16.5;5;0;10;medium;2
2015-10-06;14.875;14;7;10;medium;2
2015-10-07;13.0;7;8;63;medium;3
2015-10-08;11.875;5;7;10;medium;2
2015-10-09;11.125;7;7;21;medium;2
2015-10-10;9.75;14;1;0;medium;1
2015-10-11;10.25;13;0;5;medium;2
2015-10-12;8.625;12;0;5;low;2
2015-10-13;7.75;10;7;61;low;3
2015-10-14;9.0;11;7;61;low;3
2015-10-15;10.375;16;7;61;medium;3
2015-10-16;10.0;14;7;61;low;3
2015-10-17;10.75;9;7;61;medium;3
2015-10-18;11.125;10;8;61;medium;3
2015-10-19;9.25;7;6;0;medium;1
2015-10-20;10.25;8;7;20;low;2
2015-10-21;11.25;7;7;41;medium;2
2015-10-22;12.25;10;7;61;medium;3
2015-10-23;13.375;15;1;7;medium;2
2015-10-24;12.375;6;8;41;medium;2
2015-10-25;12.25;15;2;6;medium;2
2015-10-26;11.375;6;0;0;medium;1
2015-10-27;10.75;10;0;3;medium;1
2015-10-28;11.25;10;1;5;medium;2
2015-10-29;10.5;4;2;10;medium;2
2015-10-30;11.375;5;7;10;medium;2
2015-10-31;11.75;9;1;10;medium;2
2015-11-01;10.75;6;4;10;medium;2
2015-11-02;9.75;5;8;10;medium;2
2015-11-03;5.125;4;7;45;low;2
2015-11-04;8.0;4;1;10;medium;2
2015-11-05;13.375;5;6;61;high;3
2015-11-06;13.75;6;8;61;high;3
2015-11-07;14.625;9;7;61;high;3
2015-11-08;13.0;12;1;4;high;2
2015-11-09;12.0;15;5;21;high;2
2015-11-10;15.0;18;7;61;high;3
2015-11-11;13.625;12;8;61;high;3
2015-11-12;13.125;17;2;0;high;1
2015-11-13;11.75;19;4;21;high;2
2015-11-14;8.125;14;4;21;medium;2
2015-11-15;8.5;4;7;61;medium;3
2015-11-16;12.25;12;7;53;high;3
2015-11-17;10.75;8;7;21;high;2
2015-11-18;10.75;19;6;21;high;2
2015-11-19;10.125;20;7;61;high;3
2015-11-20;7.75;9;7;61;high;3
2015-11-21;4.5;15;7;63;medium;3
2015-11-22;2.25;18;7;73;low;5
2015-11-23;3.125;8;4;18;medium;2
2015-11-24;3.125;14;7;61;medium;3
2015-11-25;5.125;7;7;61;medium;3
2015-11-26;5.5;7;0;6;medium;2
2015-11-27;5.25;11;7;53;medium;3
2015-11-28;6.125;11;2;61;medium;3
2015-11-29;8.25;15;7;63;high;3
2015-11-30;5.75;18;5;61;medium;3
2015-12-01;6.75;10;6;21;medium;2
2015-12-02;10.5;9;7;21;high;2
2015-12-03;9.125;8;8;61;high;3
2015-12-04;9.25;17;6;61;high;3
2015-12-05;9.0;14;6;61;high;3
2015-12-06;10.875;19;7;20;high;2
2015-12-07;8.25;3;6;39;medium;2
2015-12-08;10.75;8;0;0;high;1
2015-12-09;8.75;12;3;21;medium;2
2015-12-10;6.625;13;7;21;medium;2
2015-12-11;6.125;11;5;63;medium;3
2015-12-12;6.875;10;3;61;medium;3
2015-12-13;5.25;9;1;8;medium;2
2015-12-14;3.625;6;7;21;medium;2
2015-12-15;5.5;8;7;61;medium;3
2015-12-16;6.25;7;8;10;medium;2
2015-12-17;11.875;9;7;53;high;3
2015-12-18;10.375;15;8;61;high;3
2015-12-19;11.375;10;6;0;high;1
2015-12-20;12.5;9;5;33;high;2
2015-12-21;10.25;14;7;21;high;2
2015-12-22;11.25;17;7;61;high;3
2015-12-23;10.375;20;6;61;high;3
2015-12-24;8.375;11;3;61;medium;3
2015-12-25;7.875;14;2;0;medium;1
2015-12-26;12.75;18;7;63;high;3
2015-12-27;10.875;15;7;61;high;3
2015-12-28;4.75;11;8;53;medium;3
2015-12-29;5.125;11;7;51;medium;3
2015-12-30;5.25;9;8;0;medium;1
2015-12-31;2.0;10;7;61;low;3
2016-01-01;4.5;6;7;28;medium;2
2016-01-02;0.0;16;8;10;low;2
2016-01-03;-5.5;13;7;0;low;1
2016-01-04;-6.0;15;5;10;low;2
2016-01-05;-3.625;14;1;5;low;2
2016-01-06;-3.0;12;0;5;low;2
2016-01-07;-4.0;13;7;22;low;2
2016-01-08;1.75;20;7;61;medium;3
2016-01-09;2.875;6;4;21;medium;2
2016-01-10;2.125;8;7;63;medium;3
2016-01-11;2.5;6;7;45;low;2
2016-01-12;4.0;8;7;63;medium;3
2016-01-13;1.875;14;8;61;medium;3
2016-01-14;1.75;6;6;10;medium;2
2016-01-15;2.125;12;7;10;medium;2
2016-01-16;0.5;5;7;10;low;2
2016-01-17;-1.375;9;3;31;low;2
2016-01-18;-1.75;6;6;10;low;2
2016-01-19;-2.5;10;7;73;low;5
2016-01-20;-1.625;8;7;28;low;2
2016-01-21;-4.875;5;4;20;low;2
2016-01-22;-3.0;7;1;10;low;2
2016-01-23;3.125;6;6;49;medium;2
2016-01-24;5.125;7;7;10;medium;2
2016-01-25;9.0;9;8;45;high;2
2016-01-26;7.875;9;7;33;high;2
2016-01-27;10.375;15;7;61;high;3
2016-01-28;6.75;16;5;21;high;2
2016-01-29;8.125;17;7;61;high;3
2016-01-30;6.625;17;7;65;high;4
2016-01-31;4.125;13;6;61;medium;3
2016-02-01;7.875;21;7;61;high;3
2016-02-02;7.5;20;6;61;high;3
2016-02-03;4.75;15;6;61;high;3
2016-02-04;4.25;12;5;22;medium;2
2016-02-05;4.5;10;7;61;medium;3
2016-02-06;9.375;11;7;21;high;2
2016-02-07;9.75;12;6;21;high;2
2016-02-08;8.5;16;7;63;high;3
2016-02-09;6.75;15;5;61;medium;3
2016-02-10;3.75;9;7;61;medium;3
2016-02-11;5.25;7;7;61;medium;3
2016-02-12;3.5;6;7;61;medium;3
2016-02-13;2.0;8;6;20;medium;2
2016-02-14;2.875;20;8;61;medium;3
2016-02-15;0.75;14;8;53;low;3
2016-02-16;2.125;5;0;7;medium;2
2016-02-17;1.75;10;1;0;low;1
2016-02-18;1.875;6;5;10;low;2
2016-02-19;3.25;6;7;61;low;3
2016-02-20;6.0;12;7;61;medium;3
2016-02-21;6.875;12;7;61;medium;3
2016-02-22;5.875;15;6;61;medium;3
2016-02-23;6.125;17;4;61;medium;3
2016-02-24;4.0;15;3;61;medium;3
2016-02-25;3.5;10;6;53;medium;3
2016-02-26;3.625;8;6;55;medium;3
2016-02-27;1.5;5;4;45;medium;2
2016-02-28;3.5;6;1;0;medium;1
2016-02-29;2.125;10;7;0;medium;1
2016-03-01;2.25;8;5;37;medium;2
2016-03-02;5.0;16;7;63;medium;3
2016-03-03;4.75;5;7;21;medium;2
2016-03-04;3.875;9;2;10;medium;2
2016-03-05;3.25;5;8;61;low;3
2016-03-06;4.5;11;7;10;medium;2
2016-03-07;4.75;10;6;20;medium;2
2016-03-08;5.0;10;6;61;medium;3
2016-03-09;6.75;9;0;5;medium;2
2016-03-10;4.375;11;8;10;medium;2
2016-03-11;3.5;11;8;53;low;3
2016-03-12;2.75;7;8;0;low;1
2016-03-13;0.875;8;8;10;low;2
2016-03-14;5.0;8;8;10;medium;2
2016-03-15;5.75;12;5;61;medium;3
2016-03-16;6.375;11;1;0;medium;1
2016-03-17;9.25;12;0;0;medium;1
2016-03-18;5.375;9;8;21;medium;2
2016-03-19;6.0;15;7;45;medium;2
2016-03-20;8.625;15;6;61;medium;3
2016-03-21;7.5;19;7;61;medium;3
2016-03-22;8.125;13;7;61;medium;3
2016-03-23;9.125;13;1;3;medium;1
2016-03-24;7.375;10;7;21;medium;2
2016-03-25;7.875;7;8;61;medium;3
2016-03-26;9.75;9;1;0;high;1
2016-03-27;8.625;12;7;61;medium;3
2016-03-28;11.625;18;6;61;medium;3
2016-03-29;10.0;13;6;21;medium;2
2016-03-30;8.5;15;5;61;medium;3
2016-03-31;9.0;13;4;21;medium;2
2016-04-01;9.125;7;0;5;medium;2
2016-04-02;12.75;8;3;14;medium;2
2016-04-03;15.5;5;7;21;high;2
2016-04-04;17.375;6;6;21;high;2
2016-04-05;10.0;7;7;61;medium;3
2016-04-06;11.125;12;6;61;medium;3
2016-04-07;8.625;13;6;21;medium;2
2016-04-08;9.0;9;6;63;medium;3
2016-04-09;10.125;11;4;0;medium;1
2016-04-10;10.875;13;7;29;medium;2
2016-04-11;10.0;15;1;5;medium;2
2016-04-12;8.0;9;6;61;medium;3
2016-04-13;9.75;11;5;10;medium;2
2016-04-14;10.0;8;6;0;medium;1
2016-04-15;10.625;8;7;61;medium;3
2016-04-16;12.75;15;6;53;high;3
2016-04-17;9.875;19;4;21;medium;2
2016-04-18;9.625;16;7;21;medium;2
2016-04-19;9.5;23;5;21;medium;2
2016-04-20;10.5;17;2;22;medium;2
2016-04-21;11.625;16;2;9;low;2
2016-04-22;10.5;12;5;57;medium;3
2016-04-23;8.875;17;3;21;medium;2
2016-04-24;5.75;10;4;21;low;2
2016-04-25;4.625;10;8;61;low;3
2016-04-26;2.5;7;7;75;low;5
2016-04-27;4.875;8;7;61;low;3
2016-04-28;7.5;16;6;61;low;3
2016-04-29;9.75;13;6;61;medium;3
2016-04-30;8.0;7;8;61;low;3
2016-05-01;10.75;9;0;11;medium;2
2016-05-02;17.875;6;1;12;high;2
2016-05-03;11.375;15;6;61;medium;3
2016-05-04;12.375;10;1;5;medium;2
2016-05-05;15.125;13;0;15;medium;2
2016-05-06;19.0;14;0;4;high;2
2016-05-07;22.125;12;0;4;high;2
2016-05-08;21.375;17;0;4;high;2
2016-05-09;19.875;12;0;3;medium;1
2016-05-10;20.875;14;0;4;high;2
2016-05-11;20.625;15;0;4;high;2
2016-05-12;15.625;17;0;0;medium;1
2016-05-13;17.5;16;2;65;high;4
2016-05-14;10.0;14;7;21;low;2
2016-05-15;9.75;12;6;61;low;3
2016-05-16;11.25;16;5;41;medium;2
2016-05-17;10.75;15;7;21;medium;2
2016-05-18;16.75;7;5;20;medium;2
2016-05-19;19.5;10;2;0;high;1
2016-05-20;14.75;11;8;61;medium;3
2016-05-21;19.375;9;6;21;medium;2
2016-05-22;25.0;9;1;1;high;1
2016-05-23;15.5;8;7;21;medium;2
2016-05-24;14.25;10;8;21;medium;2
2016-05-25;16.5;6;7;20;medium;2
2016-05-26;14.375;6;7;61;medium;3
2016-05-27;15.875;9;4;61;medium;3
2016-05-28;18.625;11;2;9;medium;2
2016-05-29;17.0;13;6;21;medium;2
2016-05-30;20.25;17;4;0;medium;1
2016-05-31;20.625;13;1;0;high;1
2016-06-01;21.75;16;4;0;high;1
2016-06-02;21.5;13;1;16;medium;2
2016-06-03;21.875;10;0;4;high;2
2016-06-04;24.5;7;0;1;high;1
2016-06-05;25.25;9;0;1;high;1
2016-06-06;22.875;15;1;16;high;2
2016-06-07;25.375;8;1;4;high;2
2016-06-08;18.875;13;4;51;medium;3
2016-06-09;19.5;16;1;4;medium;2
2016-06-10;18.125;13;3;31;medium;2
2016-06-11;17.375;12;0;3;medium;1
2016-06-12;13.875;7;7;61;low;3
2016-06-13;15.25;11;7;63;medium;3
2016-06-14;16.5;8;7;61;medium;3
2016-06-15;18.25;8;6;95;medium;4
2016-06-16;18.25;7;6;63;medium;3
2016-06-17;18.125;10;6;21;medium;2
2016-06-18;18.0;12;6;21;medium;2
2016-06-19;16.0;14;7;61;medium;3
2016-06-20;20.875;10;4;61;medium;3
2016-06-21;19.875;9;4;34;medium;2
2016-06-22;22.125;9;5;61;high;3
2016-06-23;27.875;8;5;43;high;2
2016-06-24;24.125;9;5;61;high;3
2016-06-25;18.25;14;7;95;medium;4
2016-06-26;19.25;11;5;0;medium;1
2016-06-27;19.375;10;7;61;medium;3
2016-06-28;18.375;11;4;21;medium;2
2016-06-29;18.75;9;5;21;medium;2
2016-06-30;18.25;9;7;61;medium;3
2016-07-01;19.25;7;8;63;medium;3
2016-07-02;15.625;12;7;61;medium;3
2016-07-03;17.125;12;4;61;low;3
2016-07-04;17.25;10;6;61;medium;3
2016-07-05;17.125;10;7;95;medium;4
2016-07-06;16.5;22;5;21;medium;2
2016-07-07;18.25;11;6;21;medium;2
2016-07-08;19.125;8;6;63;medium;3
2016-07-09;19.125;12;5;41;medium;2
2016-07-10;24.125;8;6;52;high;2
2016-07-11;20.0;13;6;21;medium;2
2016-07-12;19.125;14;4;95;medium;4
2016-07-13;16.375;6;6;63;low;3
2016-07-14;16.375;12;7;53;low;3
2016-07-15;17.0;16;7;61;medium;3
2016-07-16;18.0;10;7;61;medium;3
2016-07-17;17.25;9;7;61;medium;3
2016-07-18;18.5;15;7;21;medium;2
2016-07-19;22.375;12;6;20;medium;2
2016-07-20;26.0;9;0;1;high;1
2016-07-21;25.875;8;3;39;high;2
2016-07-22;26.0;6;3;21;medium;2
2016-07-23;25.375;9;3;39;medium;2
2016-07-24;25.25;10;0;1;medium;1
2016-07-25;25.375;7;4;95;medium;4
2016-07-26;21.875;9;3;20;medium;2
2016-07-27;21.375;6;4;58;medium;3
2016-07-28;21.25;7;4;20;medium;2
2016-07-29;21.0;10;6;65;medium;4
2016-07-30;19.625;10;4;65;medium;4
2016-07-31;17.375;6;7;61;medium;3
2016-08-01;18.5;14;3;61;low;3
2016-08-02;19.75;7;4;20;low;2
2016-08-03;19.375;9;7;61;low;3
2016-08-04;20.375;11;6;61;medium;3
2016-08-05;20.5;15;4;21;medium;2
2016-08-06;17.5;14;5;95;low;4
2016-08-07;21.125;13;6;21;medium;2
2016-08-08;19.0;18;5;21;medium;2
2016-08-09;15.375;18;5;21;low;2
2016-08-10;14.5;15;4;95;low;4
2016-08-11;13.875;9;7;61;low;3
2016-08-12;18.25;12;7;61;medium;3
2016-08-13;18.125;12;7;61;medium;3
2016-08-14;18.125;12;6;21;medium;2
2016-08-15;18.625;11;5;29;medium;2
2016-08-16;19.375;10;2;24;medium;2
2016-08-17;19.571428;8;0;4;medium;2
2016-08-18;18.25;9;3;10;medium;2
2016-08-19;20.375;8;3;4;medium;2
2016-08-20;20.25;9;7;61;medium;3
2016-08-21;19.875;9;4;21;medium;2
2016-08-22;18.375;10;7;65;medium;4
2016-08-23;21.75;8;6;56;medium;3
2016-08-24;25.375;6;0;0;high;1
2016-08-25;28.375;6;0;5;high;2
2016-08-26;27.75;13;0;15;high;2
2016-08-27;20.375;8;0;4;medium;2
2016-08-28;21.875;12;4;63;high;3
2016-08-29;18.5;15;3;21;low;2
2016-08-30;20.25;12;2;10;medium;2
2016-08-31;23.125;6;0;0;high;1
2016-09-01;20.25;13;5;21;high;2
2016-09-02;19.125;8;4;61;medium;3
2016-09-03;19.25;12;5;21;medium;2
2016-09-04;19.25;8;6;61;medium;3
2016-09-05;19.125;12;0;0;medium;1
2016-09-06;21.75;6;2;14;medium;2
2016-09-07;23.625;6;0;0;high;1
2016-09-08;25.625;7;0;1;high;1
2016-09-09;21.375;10;2;0;high;1
2016-09-10;23.875;6;0;0;high;1
2016-09-11;20.875;10;6;48;high;2
2016-09-12;25.375;8;0;1;high;1
2016-09-13;27.875;8;0;1;high;1
2016-09-14;25.25;9;0;1;high;1
2016-09-15;23.75;13;0;2;high;1
2016-09-16;22.75;8;4;0;high;1
2016-09-17;18.875;14;5;29;medium;2
2016-09-18;16.75;15;7;21;medium;2
2016-09-19;17.0;9;7;61;medium;3
2016-09-20;17.5;8;5;50;medium;3
2016-09-21;18.375;10;3;13;high;2
2016-09-22;18.5;6;4;0;high;1
2016-09-23;18.625;12;4;21;high;2
2016-09-24;18.625;6;0;5;high;2
2016-09-25;21.375;8;0;4;high;2
2016-09-26;18.25;6;4;0;high;1
2016-09-27;19.875;6;0;0;high;1
2016-09-28;19.125;19;6;45;high;2
2016-09-29;17.375;13;7;61;medium;3
2016-09-30;14.0;11;6;61;medium;3
2016-10-01;15.875;6;3;10;medium;2
2016-10-02;15.75;7;3;21;medium;2
2016-10-03;14.375;18;7;61;medium;3
2016-10-04;13.25;16;5;19;medium;2
2016-10-05;12.0;19;3;14;medium;2
2016-10-06;11.25;17;7;20;low;2
2016-10-07;11.125;15;7;0;medium;1
2016-10-08;11.625;16;5;34;medium;2
2016-10-09;9.125;10;7;61;low;3
2016-10-10;11.125;10;7;61;medium;3
2016-10-11;9.875;20;7;61;low;3
2016-10-12;9.75;18;7;63;medium;3
2016-10-13;10.875;15;6;0;medium;1
2016-10-14;9.125;13;7;61;medium;3
2016-10-15;8.625;12;8;61;medium;3
2016-10-16;11.375;6;8;10;medium;2
2016-10-17;9.75;6;8;10;low;2
2016-10-18;13.25;6;7;28;medium;2
2016-10-19;7.625;4;8;61;low;3
2016-10-20;10.125;10;7;21;low;2
2016-10-21;9.875;10;6;61;low;3
2016-10-22;8.125;12;8;61;low;3
2016-10-23;8.625;4;7;21;low;2
2016-10-24;9.25;8;5;10;low;2
2016-10-25;9.0;8;5;0;low;1
2016-10-26;7.375;6;6;10;medium;2
2016-10-27;13.375;9;7;21;medium;2
2016-10-28;12.75;15;6;21;medium;2
2016-10-29;11.375;16;4;20;medium;2
2016-10-30;11.0;9;4;5;medium;2
2016-10-31;12.125;6;7;61;medium;3
2016-11-01;10.125;12;6;61;medium;3
2016-11-02;7.25;13;4;21;low;2
2016-11-03;5.875;5;4;24;medium;2
2016-11-04;7.875;8;7;61;medium;3
2016-11-05;5.5;5;7;61;low;3
2016-11-06;6.625;6;7;61;medium;3
2016-11-07;3.5;14;7;61;low;3
2016-11-08;0.75;14;7;71;low;5
2016-11-09;1.25;4;0;10;low;2
2016-11-10;4.0;8;7;22;low;2
2016-11-11;4.875;10;4;21;low;2
2016-11-12;1.625;6;3;49;low;2
2016-11-13;1.375;9;4;5;low;2
2016-11-14;2.0;10;4;5;low;2
2016-11-15;7.75;9;7;61;medium;3
2016-11-16;8.75;11;7;61;medium;3
2016-11-17;7.75;9;6;21;medium;2
2016-11-18;7.25;13;4;21;medium;2
2016-11-19;6.625;11;6;21;medium;2
2016-11-20;6.375;12;6;63;medium;3
2016-11-21;11.5;6;7;61;high;3
2016-11-22;12.125;7;7;53;high;3
2016-11-23;10.0;5;7;10;medium;2
2016-11-24;4.5;8;0;10;medium;2
2016-11-25;4.0;4;7;45;medium;2
2016-11-26;5.875;10;7;61;medium;3
2016-11-27;5.625;9;0;5;medium;2
2016-11-28;2.875;11;1;20;medium;2
2016-11-29;3.0;9;3;10;medium;2
2016-11-30;6.25;12;7;61;medium;3
2016-12-01;8.5;19;8;61;medium;3
2016-12-02;3.625;8;0;0;medium;1
2016-12-03;-0.75;6;4;49;low;2
2016-12-04;4.125;6;8;36;medium;2
2016-12-05;3.0;7;7;57;medium;3
2016-12-06;6.25;5;7;61;medium;3
2016-12-07;4.5;10;7;61;medium;3
2016-12-08;8.625;12;8;10;medium;2
2016-12-09;8.875;13;7;20;medium;2
2016-12-10;9.5;10;7;61;high;3
2016-12-12;4.875;4;7;61;medium;3
2016-12-13;6.285714;5;7;10;high;2
2016-12-14;4.625;6;7;45;medium;2
2016-12-15;0.0;8;7;49;low;2
2016-12-16;-1.0;5;8;10;low;2
2016-12-17;2.125;6;8;10;medium;2
2016-12-18;7.0;8;7;0;medium;1
2016-12-19;5.75;4;8;0;medium;1
2016-12-20;1.5;7;8;10;low;2
2016-12-21;3.625;10;6;10;medium;2
2016-12-22;5.25;8;7;61;medium;3
2016-12-23;6.375;9;7;10;medium;2
2016-12-24;6.125;14;6;95;medium;4
2016-12-25;9.375;16;7;61;medium;3
2016-12-26;6.875;25;4;22;medium;2
2016-12-27;8.25;21;6;61;medium;3
2016-12-28;7.125;12;4;0;medium;1
2016-12-29;3.75;11;3;10;medium;2
2016-12-30;1.75;10;4;10;low;2
2016-12-31;4.875;13;7;28;medium;2
2017-01-01;5.5;12;8;61;medium;3
2017-01-02;1.625;8;3;0;low;1
2017-01-03;6.0;16;7;61;medium;3
2017-01-04;4.0;19;4;20;medium;2
2017-01-05;-2.875;15;4;0;low;1
2017-01-06;-4.25;6;1;12;low;2
2017-01-07;-0.5;11;8;71;medium;5
2017-01-08;2.25;4;8;10;medium;2
2017-01-09;2.5;6;8;20;medium;2
2017-01-10;2.625;9;7;10;medium;2
2017-01-11;4.625;15;7;61;medium;3
2017-01-12;4.5;16;4;61;medium;3
2017-01-13;3.125;7;3;61;medium;3
2017-01-14;1.75;10;2;61;medium;3
2017-01-15;1.375;10;5;71;medium;5
2017-01-16;0.25;9;0;0;low;1
2017-01-17;0.5;4;7;10;medium;2
2017-01-18;0.125;8;7;20;medium;2
2017-01-19;1.5;8;8;61;medium;3
2017-01-20;3.625;5;8;21;high;2
2017-01-21;5.75;5;7;10;high;2
2017-01-22;1.375;5;8;10;medium;2
2017-01-23;1.125;8;7;10;medium;2
2017-01-24;1.875;8;7;45;medium;2
2017-01-25;-1.25;6;7;49;medium;2
2017-01-26;1.0;7;6;10;medium;2
2017-01-27;2.142857;7;0;5;medium;2
2017-01-28;2.875;5;1;5;medium;2
2017-01-29;4.75;8;7;61;medium;3
2017-01-30;2.625;13;7;61;medium;3
2017-01-31;3.125;15;7;10;medium;2
2017-02-01;1.125;8;7;20;medium;2
2017-02-02;1.75;6;7;61;medium;3
2017-02-03;1.625;6;7;45;medium;2
2017-02-04;5.75;6;7;61;medium;3
2017-02-05;2.0;10;8;61;medium;3
2017-02-06;2.5;12;7;61;medium;3
2017-02-07;0.0;12;7;77;medium;4
2017-02-08;-2.0;8;8;77;low;4
2017-02-09;-2.125;11;8;22;low;2
2017-02-10;-1.75;16;7;10;low;2
2017-02-11;0.0;17;7;0;medium;1
2017-02-12;0.375;17;8;10;medium;2
2017-02-13;-0.25;10;0;10;medium;2
2017-02-14;-0.75;8;2;49;low;2
2017-02-15;5.875;4;0;5;medium;2
2017-02-16;6.25;10;7;61;medium;3
2017-02-17;6.0;9;7;61;medium;3
2017-02-18;4.625;12;7;20;medium;2
2017-02-19;5.625;8;7;61;medium;3
2017-02-20;8.0;16;7;61;medium;3
2017-02-21;7.625;18;6;57;medium;3
2017-02-22;7.375;20;6;61;medium;3
2017-02-23;4.375;22;7;63;medium;3
2017-02-24;4.125;15;1;21;medium;2
2017-02-25;3.375;12;7;61;medium;3
2017-02-26;7.5;11;7;61;medium;3
2017-02-27;10.75;11;8;45;medium;2
2017-02-28;6.0;15;6;21;medium;2
2017-03-01;5.0;14;6;63;medium;3
2017-03-02;6.5;16;3;21;medium;2
2017-03-03;8.375;10;2;0;medium;1
2017-03-04;9.125;5;6;5;high;2
2017-03-05;7.375;12;7;61;high;3
2017-03-06;3.75;17;8;0;low;1
2017-03-07;1.75;7;7;20;low;2
2017-03-08;5.75;9;6;61;medium;3
2017-03-09;7.375;8;7;21;medium;2
2017-03-10;8.75;16;4;0;medium;1
2017-03-11;7.75;9;2;0;medium;1
2017-03-12;6.375;9;6;41;medium;2
2017-03-13;6.625;7;7;5;medium;2
2017-03-14;10.5;13;6;0;high;1
2017-03-15;9.25;16;0;5;high;2
2017-03-16;11.75;9;5;29;medium;2
2017-03-17;6.75;18;6;63;medium;3
2017-03-18;6.875;22;5;21;medium;2
2017-03-19;3.875;9;8;79;medium;2
2017-03-20;10.25;8;7;61;medium;3
2017-03-21;8.75;20;5;21;medium;2
2017-03-22;10.75;11;0;0;medium;1
2017-03-23;8.125;11;4;33;medium;2
2017-03-24;10.5;7;0;0;high;1
2017-03-25;9.875;12;3;0;medium;1
2017-03-26;9.375;7;3;0;medium;1
2017-03-27;12.5;11;0;10;medium;2
2017-03-28;13.875;7;0;0;medium;1
2017-03-29;10.0;13;8;21;medium;2
2017-03-30;16.0;12;7;61;high;3
2017-03-31;19.75;7;0;2;high;1
2017-04-01;15.75;7;2;0;high;1
2017-04-02;13.375;13;2;0;high;1
2017-04-03;10.375;8;2;2;medium;1
2017-04-04;12.625;8;2;0;medium;1
2017-04-05;9.875;18;5;21;medium;2
2017-04-06;10.0;17;6;0;medium;1
2017-04-07;11.125;18;6;20;medium;2
2017-04-08;10.875;12;7;61;medium;3
2017-04-09;16.0;9;0;5;high;2
2017-04-10;9.5;19;7;21;medium;2
2017-04-11;8.75;18;5;21;medium;2
2017-04-12;8.75;13;7;61;medium;3
2017-04-13;9.0;18;7;61;medium;3
2017-04-14;9.25;12;7;63;medium;3
2017-04-15;8.125;23;6;63;medium;3
2017-04-16;6.875;7;7;61;low;3
2017-04-17;6.25;10;6;61;low;3
2017-04-18;5.625;15;4;37;low;2
2017-04-19;6.375;10;0;0;low;1
2017-04-20;8.25;12;7;41;medium;2
2017-04-21;11.875;19;7;61;medium;3
2017-04-22;7.5;21;5;61;low;3
2017-04-23;7.875;20;4;21;low;2
2017-04-24;8.875;17;7;63;medium;3
2017-04-25;5.5;15;5;69;low;2
2017-04-26;7.625;7;6;61;medium;3
2017-04-27;8.625;13;6;61;medium;3
2017-04-28;8.625;10;7;61;medium;3
2017-04-29;7.125;9;4;61;low;3
2017-04-30;11.875;12;1;0;medium;1
2017-05-01;11.75;19;1;5;medium;2
2017-05-02;10.875;21;2;5;medium;2
2017-05-03;11.25;20;3;5;medium;2
2017-05-04;10.625;19;7;37;medium;2
2017-05-05;8.25;15;7;61;low;3
2017-05-06;11.0;7;7;0;medium;1
2017-05-07;17.125;9;0;0;medium;1
2017-05-08;9.75;19;1;5;low;2
2017-05-09;10.0;12;4;28;low;2
2017-05-10;9.25;11;7;61;low;3
2017-05-11;13.375;14;0;7;medium;2
2017-05-12;12.75;13;7;61;medium;3
2017-05-13;17.875;6;6;21;high;2
2017-05-14;18.75;12;2;0;high;1
2017-05-15;17.375;9;3;0;medium;1
2017-05-16;14.125;8;7;61;medium;3
2017-05-17;23.125;7;6;44;high;2
2017-05-18;23.125;12;4;34;high;2
2017-05-19;17.375;7;6;21;medium;2
2017-05-20;16.0;12;4;29;medium;2
2017-05-21;18.625;12;1;2;medium;1
2017-05-22;17.75;9;0;1;medium;1
2017-05-23;22.125;15;4;95;high;4
2017-05-24;17.125;18;3;0;medium;1
2017-05-25;18.875;12;2;6;medium;2
2017-05-26;20.75;6;0;0;medium;1
2017-05-27;24.75;7;0;1;high;1
2017-05-28;22.375;14;1;61;high;3
2017-05-29;18.75;7;5;0;medium;1
2017-05-30;20.5;14;6;5;medium;2
2017-05-31;15.5;18;5;5;medium;2
2017-06-01;17.375;12;0;5;medium;2
2017-06-02;20.25;9;0;2;medium;1
2017-06-03;17.5;5;7;61;medium;3
2017-06-04;17.125;14;5;61;medium;3
2017-06-05;20.125;9;1;0;medium;1
2017-06-06;21.625;10;4;61;medium;3
2017-06-07;12.25;14;7;63;low;3
2017-06-08;14.875;8;7;61;low;3
2017-06-09;20.25;14;6;95;medium;4
2017-06-10;19.25;10;5;0;medium;1
2017-06-11;25.0;11;2;10;high;2
2017-06-12;16.25;16;7;61;medium;3
2017-06-13;16.125;16;6;21;medium;2
2017-06-14;19.125;9;7;49;medium;2
2017-06-15;22.75;6;3;21;high;2
2017-06-16;17.375;20;5;21;medium;2
2017-06-17;20.125;15;0;0;medium;1
2017-06-18;24.25;9;2;15;high;2
2017-06-19;25.375;7;1;0;high;1
2017-06-20;20.75;12;0;0;medium;1
2017-06-21;18.75;10;3;17;medium;2
2017-06-22;20.25;10;3;95;medium;4
2017-06-23;17.25;14;7;61;medium;3
2017-06-24;17.875;19;6;61;medium;3
2017-06-25;17.25;16;7;20;medium;2
2017-06-26;17.375;16;3;21;medium;2
2017-06-27;16.375;9;3;18;medium;2
2017-06-28;19.75;18;6;56;medium;3
2017-06-29;17.875;8;7;61;medium;3
2017-06-30;14.875;11;7;63;low;3
2017-07-01;17.625;10;7;21;medium;2
2017-07-02;17.125;18;7;21;medium;2
2017-07-03;18.625;14;7;95;medium;4
2017-07-04;17.25;15;6;49;medium;2
2017-07-05;19.0;9;2;1;medium;1
2017-07-06;18.375;8;0;3;medium;1
2017-07-07;20.625;7;5;61;medium;3
2017-07-08;20.625;16;4;21;medium;2
2017-07-09;19.125;9;1;1;medium;1
2017-07-10;17.5;6;7;61;medium;3
2017-07-11;19.875;11;6;95;medium;4
2017-07-12;14.75;12;7;61;low;3
2017-07-13;16.875;15;6;30;medium;2
2017-07-14;19.5;8;3;15;medium;2
2017-07-15;18.75;10;7;21;medium;2
2017-07-16;17.375;9;8;61;medium;3
2017-07-17;18.5;12;6;37;medium;2
2017-07-18;18.75;7;5;15;medium;2
2017-07-19;22.5;13;1;0;medium;1
2017-07-20;21.5;5;7;61;medium;3
2017-07-21;20.5;10;2;5;medium;2
2017-07-22;18.5;9;7;63;low;3
2017-07-23;19.375;12;6;61;low;3
2017-07-24;18.75;10;7;21;low;2
2017-07-25;16.25;16;7;63;low;3
2017-07-26;20.875;10;0;2;medium;1
2017-07-27;19.5;10;6;61;medium;3
2017-07-28;18.125;17;6;61;low;3
2017-07-29;19.625;11;5;61;medium;3
2017-07-30;24.0;11;5;61;medium;3
2017-07-31;22.75;9;2;14;medium;2
2017-08-01;21.375;7;6;21;medium;2
2017-08-02;21.375;8;5;61;medium;3
2017-08-03;20.125;10;7;95;medium;4
2017-08-04;19.625;18;6;21;medium;2
2017-08-05;20.125;12;4;44;medium;2
2017-08-06;18.5;13;3;21;medium;2
2017-08-07;22.4875;8;2;22;medium;2
2017-08-08;23.0625;8;6;21;medium;2
2017-08-09;21.125;11;1;0;medium;1
2017-08-10;19.6;9;6;42;medium;2
2017-08-11;16.375;8;7;61;medium;3
2017-08-12;15.5625;8;7;61;low;3
2017-08-13;17.825;11;4;21;medium;2
2017-08-14;18.6375;12;1;0;medium;1
2017-08-15;25.0625;9;2;21;high;2
2017-08-16;20.8625;8;3;0;medium;1
2017-08-17;21.8;10;5;63;medium;3
2017-08-18;19.6625;7;6;0;medium;1
2017-08-19;16.9375;11;5;63;medium;3
2017-08-20;16.0125;10;6;61;medium;3
2017-08-21;17.2;15;7;61;low;3
2017-08-22;17.6125;11;4;29;medium;2
2017-08-23;19.4375;9;0;5;medium;2
2017-08-24;19.4875;14;3;21;medium;2
2017-08-25;19.7625;13;3;18;medium;2
2017-08-26;19.525;7;4;0;medium;1
2017-08-27;19.6625;13;4;21;medium;2
2017-08-28;20.5375;5;4;30;medium;2
2017-08-29;24.6;9;0;1;high;1
2017-08-30;20.0;11;6;61;medium;3
2017-08-31;14.8875;11;7;61;low;3
2017-09-01;17.3;7;4;61;medium;3
2017-09-02;16.525;8;4;21;low;2
2017-09-03;17.4;7;3;0;low;1
2017-09-04;18.2875;10;0;0;medium;1
2017-09-05;20.95;6;3;30;medium;2
2017-09-06;18.2;17;7;63;medium;3
2017-09-07;17.2875;16;5;21;medium;2
2017-09-08;14.9375;10;7;61;low;3
2017-09-09;15.025;9;7;61;medium;3
2017-09-10;17.65;11;2;0;medium;1
2017-09-11;17.8625;11;3;21;medium;2
2017-09-12;16.1;12;5;21;medium;2
2017-09-13;13.3375;20;7;63;low;3
2017-09-14;13.2375;13;7;61;low;3
2017-09-15;14.425;11;6;21;medium;2
2017-09-16;11.9125;6;8;61;low;3
2017-09-17;15.25;7;7;61;medium;3
2017-09-18;15.075;4;2;0;medium;1
2017-09-19;14.3875;8;5;65;medium;4
2017-09-20;14.225;10;7;61;medium;3
2017-09-21;16.9625;7;4;10;medium;2
2017-09-22;15.5875;8;1;0;medium;1
2017-09-23;15.85;9;0;0;medium;1
2017-09-24;15.8125;9;7;53;medium;3
2017-09-25;16.225;15;6;21;medium;2
2017-09-26;15.725;12;7;10;medium;2
2017-09-27;16.575;10;7;61;medium;3
2017-09-28;15.1125;7;7;21;medium;2
2017-09-29;19.1;6;2;10;high;2
2017-09-30;15.1125;6;7;61;medium;3
2017-10-01;16.2875;6;2;12;medium;2
2017-10-02;15.15;13;6;61;medium;3
2017-10-03;14.2625;14;5;61;medium;3
2017-10-06;13.8875;13;1;3;medium;1
2017-10-07;10.65;10;7;61;medium;3
2017-10-08;12.025;12;0;5;medium;2
2017-10-09;12.475;8;5;20;medium;2
2017-10-10;14.05;9;7;63;medium;3
2017-10-11;14.6375;12;7;63;medium;3
2017-10-12;13.1875;24;6;21;medium;2
2017-10-13;14.1625;8;6;10;high;2
2017-10-14;15.7625;12;8;61;high;3
2017-10-15;17.8125;5;2;28;high;2
2017-10-16;17.9375;7;5;10;high;2
2017-10-17;14.725;13;7;62;medium;2
2017-10-18;14.8125;6;4;0;medium;1
2017-10-19;14.85;9;6;10;medium;2
2017-10-20;14.175;6;7;61;medium;3
2017-10-21;13.0375;6;7;61;medium;3
2017-10-22;11.025;7;7;61;medium;3
2017-10-23;11.95;8;7;61;medium;3
2017-10-24;11.925;8;7;61;medium;3
2017-10-25;14.225;16;7;61;high;3
2017-10-26;13.475;12;5;29;medium;2
2017-10-27;11.95;13;4;27;medium;2
2017-10-28;11.2125;17;7;61;medium;3
2017-10-29;9.9;20;2;21;medium;2
2017-10-30;8.1;11;2;22;low;2
2017-10-31;8.925;7;3;6;medium;2
2017-11-01;12.975;12;3;38;medium;2
2017-11-02;11.6875;13;3;6;medium;2
2017-11-03;9.4375;7;4;6;medium;2
2017-11-04;10.2625;5;4;7;medium;2
2017-11-05;9.8;8;5;27;medium;2
2017-11-06;8.2125;7;5;31;medium;2
2017-11-07;6.7875;5;5;36;medium;2
2017-11-08;8.625;9;6;36;medium;2
2017-11-09;8.55;9;6;10;medium;2
2017-11-10;7.5375;16;7;61;medium;3
2017-11-11;5.2375;8;5;63;low;3
2017-11-12;5.575;7;7;61;medium;3
2017-11-13;5.9;9;2;10;medium;2
2017-11-14;6.3875;11;7;61;medium;3
2017-11-15;9.375;7;7;61;medium;3
2017-11-16;8.8125;8;8;61;medium;3
2017-11-17;7.725;10;3;21;medium;2
2017-11-18;5.35;12;5;65;low;4
2017-11-19;6.25;15;3;21;medium;2
2017-11-20;5.9625;6;6;51;medium;3
2017-11-21;4.9875;5;7;61;medium;3
2017-11-22;10.6125;10;7;61;medium;3
2017-11-23;12.225;16;7;61;high;3
2017-11-24;6.9875;8;7;61;medium;3
2017-11-25;2.775;5;7;45;low;2
2017-11-26;4.65;12;7;61;medium;3
2017-11-27;4.5625;14;7;61;medium;3
2017-11-28;5.4875;12;7;61;medium;3
2017-11-29;4.225;6;7;61;medium;3
2017-11-30;2.8125;4;7;10;medium;2
2017-12-01;4.3625;8;6;68;medium;2
2017-12-02;0.375;8;7;61;medium;3
2017-12-03;5.225;7;7;61;medium;3
2017-12-04;5.3375;12;2;31;medium;2
2017-12-05;8.65;17;7;21;high;2
2017-12-06;8.9;17;7;0;medium;1
2017-12-07;5.7625;13;8;61;medium;3
2017-12-08;1.675;10;6;73;low;5
2017-12-09;3.5125;10;3;61;low;3
2017-12-10;0.9875;9;7;22;low;2
2017-12-11;2.2375;14;8;61;medium;3
2017-12-12;1.55;12;7;68;medium;2
2017-12-13;1.9875;12;7;69;medium;2
2017-12-14;3.025;12;7;61;medium;3
2017-12-15;3.0375;9;7;20;medium;2
2017-12-16;3.275;10;1;10;medium;2
2017-12-17;1.1375;7;3;10;medium;2
2017-12-18;2.4625;6;5;10;low;2
2017-12-19;5.9125;7;7;20;medium;2
2017-12-20;6.6375;6;7;20;medium;2
2017-12-21;6.2375;10;7;21;medium;2
2017-12-22;5.7625;9;7;10;medium;2
2017-12-23;7.8;19;7;61;medium;3
2017-12-24;8.1125;16;7;61;medium;3
2017-12-25;8.7;14;7;61;medium;3
2017-12-26;6.25;14;7;61;medium;3
2017-12-27;4.6125;7;7;21;medium;2
2017-12-28;4.0875;11;4;61;medium;3
2017-12-29;2.8125;11;5;61;medium;3
2017-12-30;4.05;10;7;61;medium;3
2017-12-31;8.25;16;7;63;high;3
2018-01-01;6.6125;17;6;61;medium;3
2018-01-02;5.7;8;6;61;medium;3
2018-01-03;6.475;11;7;61;medium;3
2018-01-04;5.5125;7;6;61;medium;3
2018-01-05;4.325;10;8;61;medium;3
2018-01-06;3.1875;8;7;61;medium;3
2018-01-07;0.65;8;0;3;medium;1
2018-01-08;0.9875;7;1;5;low;2
2018-01-09;3.1625;11;4;0;medium;1
2018-01-10;4.0125;6;6;21;medium;2
2018-01-11;3.8375;10;7;61;medium;3
2018-01-12;2.275;10;7;10;low;2
2018-01-13;1.275;8;8;10;low;2
2018-01-14;0.325;8;1;5;low;2
2018-01-15;1.5625;12;7;61;medium;3
2018-01-16;3.3625;9;7;61;medium;3
2018-01-17;1.8125;10;6;61;medium;3
2018-01-18;1.1625;17;7;73;medium;5
2018-01-19;1.975;10;6;73;medium;5
2018-01-20;1.75;7;8;61;medium;3
2018-01-21;-0.6125;3;6;49;medium;2
2018-01-22;0.675;7;7;77;medium;4
2018-01-23;4.6625;7;7;61;high;3
2018-01-24;11.6;14;8;61;high;3
2018-01-25;7.95;9;7;21;high;2
2018-01-26;5.9625;5;6;45;medium;2
2018-01-27;5.6375;9;8;10;medium;2
2018-01-28;7.6625;16;6;61;high;3
2018-01-29;7.55;21;7;63;high;3
2018-01-30;5.7375;15;4;10;high;2
2018-01-31;6.3;15;7;61;high;3
2018-02-01;3.5125;11;7;61;medium;3
2018-02-02;3.45;6;7;61;medium;3
2018-02-03;-1.1625;8;7;71;medium;5
2018-02-04;0.825;18;7;73;medium;5
2018-02-05;-0.2375;10;7;22;medium;2
2018-02-06;-0.8625;5;1;10;medium;2
2018-02-07;-1.285714;4;0;5;medium;2
2018-02-08;-0.0125;6;0;5;medium;2
2018-02-09;-0.2625;7;1;10;medium;2
2018-02-10;0.5625;4;1;10;medium;2
2018-02-11;2.3375;11;7;75;medium;5
2018-02-12;1.825;15;5;75;medium;5
2018-02-13;2.6875;7;0;10;medium;2
2018-02-14;2.95;8;0;5;medium;2
2018-02-15;0.675;11;7;73;low;5
2018-02-16;4.8625;12;5;21;medium;2
2018-02-17;4.125;5;8;10;medium;2
2018-02-18;4.375;8;5;0;medium;1
2018-02-19;4.9125;4;5;5;medium;2
2018-02-20;3.375;11;1;10;low;2
2018-02-21;2.175;7;6;22;low;2
2018-02-22;1.1125;7;7;20;low;2
2018-02-23;0.4375;12;1;5;low;2
2018-02-24;0.125;15;6;71;low;5
2018-02-25;-2.9625;14;7;71;low;5
2018-02-26;-1.5375;18;5;45;low;2
2018-02-27;-3.425;16;6;71;low;5
2018-02-28;-6.1375;16;5;5;low;2
2018-03-01;-3.95;18;6;71;low;5
2018-03-02;-4.9625;15;6;71;low;5
2018-03-03;-3.4375;13;0;5;low;2
2018-03-04;-2.3125;10;5;77;low;4
2018-03-05;5.9875;7;5;10;medium;2
2018-03-06;6.4;9;0;5;medium;2
2018-03-07;1.1875;6;7;71;low;5
2018-03-08;4.4625;8;5;61;medium;3
2018-03-09;4.45;13;7;61;medium;3
2018-03-10;3.4;10;8;63;low;3
2018-03-11;11.475;7;5;45;high;2
2018-03-12;6.5375;5;7;61;medium;3
2018-03-13;4.2625;12;7;61;medium;3
2018-03-14;3.2;8;8;21;low;2
2018-03-15;2.4625;20;8;41;low;2
2018-03-16;0.2;28;7;22;low;2
2018-03-17;-2.225;29;5;73;low;5
2018-03-18;-0.825;23;1;5;low;2
2018-03-19;2.3;8;0;5;low;2
2018-03-20;4.2125;17;0;5;low;2
2018-03-21;4.7;13;7;22;low;2
2018-03-22;5.7625;11;8;61;medium;3
2018-03-23;4.425;5;8;22;low;2
2018-03-24;7.125;4;7;5;medium;2
2018-03-25;7.625;6;7;0;medium;1
2018-03-26;5.0375;8;7;61;low;3
2018-03-27;5.325;9;7;10;medium;2
2018-03-28;3.725;14;7;61;low;3
2018-03-29;0.9;8;7;71;low;5
2018-03-30;3.225;13;1;5;low;2
2018-03-31;2.225;17;7;47;low;2
2018-04-01;2.525;9;6;71;low;5
2018-04-02;6.1;8;5;5;low;2
2018-04-03;11.775;9;7;61;medium;3
2018-04-04;13.2125;9;4;61;medium;3
2018-04-05;8.6625;19;7;61;medium;3
2018-04-06;9.9875;10;1;5;medium;2
2018-04-07;14.75;9;0;5;medium;2
2018-04-08;20.5;5;0;5;high;2
2018-04-09;15.3125;9;5;5;high;2
2018-04-10;5.1625;21;8;10;low;2
2018-04-11;4.7125;22;8;39;low;2
2018-04-12;7.975;19;5;5;medium;2
2018-04-13;8.7125;15;6;61;medium;3
2018-04-14;7.675;10;8;61;medium;3
2018-04-15;9.5375;7;8;61;medium;3
2018-04-16;13.875;8;2;63;high;3
2018-04-17;15.25;11;0;0;high;1
2018-04-18;20.35;11;1;0;high;1
2018-04-19;23.1125;5;0;0;high;1
2018-04-20;24.375;13;0;0;high;1
2018-04-21;15.6625;10;1;5;medium;2
2018-04-22;14.525;11;1;5;medium;2
2018-04-23;14.4;18;4;5;high;2
2018-04-24;12.0875;21;5;61;medium;3
2018-04-25;9.25;13;7;61;medium;3
2018-04-26;11.0875;18;6;61;medium;3
2018-04-27;13.0875;8;5;0;medium;1
2018-04-28;14.65;8;7;61;high;3
2018-04-29;8.875;9;7;21;medium;2
2018-04-30;11.55;10;7;95;medium;4
2018-05-01;6.9875;13;7;63;low;3
2018-05-02;14.725;9;1;5;medium;2
2018-05-03;12.5;14;1;0;medium;1
2018-05-04;12.1875;10;0;5;medium;2
2018-05-05;14.75;9;0;5;medium;2
2018-05-06;18.9125;10;0;3;high;1
2018-05-07;20.825;11;0;0;high;1
2018-05-08;22.3875;14;0;5;high;2
2018-05-09;23.3;12;0;6;high;2
2018-05-10;20.525;9;5;95;high;4
2018-05-11;15.1;8;1;4;medium;2
2018-05-12;17.3375;10;5;0;high;1
2018-05-13;17.25;12;2;10;high;2
2018-05-14;18.8875;11;0;5;high;2
2018-05-15;18.0;9;0;0;medium;1
2018-05-16;20.5625;13;5;21;high;2
2018-05-17;15.2875;10;3;5;medium;2
2018-05-18;14.75;9;7;0;medium;1
2018-05-19;14.9125;8;6;0;medium;1
2018-05-20;18.9;13;0;5;medium;2
2018-05-21;18.5125;16;0;5;medium;2
2018-05-22;20.325;13;0;5;medium;2
2018-05-23;20.1625;10;0;0;medium;1
2018-05-24;20.35;15;0;5;high;2
2018-05-25;19.775;16;0;5;medium;2
2018-05-26;19.875;11;0;5;medium;2
2018-05-27;16.425;12;7;20;medium;2
2018-05-28;20.2125;10;2;5;medium;2
2018-05-29;23.4625;14;0;5;high;2
2018-05-30;23.1875;11;1;17;high;2
2018-05-31;21.8875;14;0;5;high;2
2018-06-01;21.375;12;0;5;high;2
2018-06-02;22.8875;10;1;5;medium;2
2018-06-03;19.275;9;7;0;medium;1
2018-06-04;19.25;14;5;20;medium;2
2018-06-05;19.7;10;0;5;medium;2
2018-06-06;22.15;14;0;5;medium;2
2018-06-07;23.6875;10;0;4;high;2
2018-06-08;22.7375;9;0;0;high;1
2018-06-09;22.1125;7;6;61;high;3
2018-06-10;19.1;8;7;61;medium;3
2018-06-11;18.5125;15;6;9;medium;2
2018-06-12;15.3125;12;8;20;medium;2
2018-06-13;16.4;14;7;61;medium;3
2018-06-14;20.9;10;5;68;medium;2
2018-06-15;19.2;7;4;0;medium;1
2018-06-16;21.325;7;5;95;high;4
2018-06-17;18.275;12;5;61;medium;3
2018-06-18;17.6375;9;7;61;medium;3
2018-06-19;19.2375;16;3;21;medium;2
2018-06-20;23.65;13;3;0;high;1
2018-06-21;11.5625;15;7;65;low;4
2018-06-22;15.575;20;5;61;medium;3
2018-06-23;14.3;18;7;61;medium;3
2018-06-24;16.2375;10;6;21;medium;2
2018-06-25;17.175;13;6;21;medium;2
2018-06-26;20.075;6;3;21;medium;2
2018-06-27;22.0125;11;0;5;high;2
2018-06-28;22.125;9;0;0;high;1
2018-06-29;21.85;15;0;5;medium;2
2018-06-30;21.2375;10;0;5;medium;2
2018-07-01;21.0625;12;0;5;medium;2
2018-07-02;22.525;11;0;5;medium;2
2018-07-03;22.4875;9;0;5;medium;2
2018-07-04;19.7;9;5;44;medium;2
2018-07-05;17.5;12;7;20;medium;2
2018-07-06;20.5125;18;0;5;medium;2
2018-07-07;20.25;19;0;5;medium;2
2018-07-08;23.0;10;0;5;high;2
2018-07-09;16.75;18;6;0;medium;1
2018-07-10;18.675;15;2;5;medium;2
2018-07-11;19.625;12;7;21;medium;2
2018-07-12;26.075;14;1;15;high;2
2018-07-13;23.975;13;0;5;high;2
2018-07-14;17.7625;12;7;0;medium;1
2018-07-15;23.2;9;2;5;high;2
2018-07-16;24.25;9;0;5;high;2
2018-07-17;26.775;10;0;1;high;1
2018-07-18;23.866666;13;3;0;medium;1
2018-07-19;22.575;13;2;16;medium;2
2018-07-20;22.775;9;0;0;medium;1
2018-07-21;25.0625;10;0;0;medium;1
2018-07-22;25.0375;13;1;5;medium;2
2018-07-23;24.8375;10;3;29;medium;2
2018-07-24;28.1;10;0;5;high;2
2018-07-25;28.425;11;1;61;medium;3
2018-07-26;28.875;12;0;5;high;2
2018-07-27;27.5875;16;0;5;high;2
2018-07-28;28.75;11;3;95;high;4
2018-07-29;24.55;6;0;0;medium;1
2018-07-30;27.7875;10;6;21;high;2
2018-07-31;31.2875;11;5;36;high;2
2018-08-01;23.7625;10;0;0;medium;1
2018-08-02;26.1875;10;0;0;medium;1
2018-08-03;27.6625;10;1;0;high;1
2018-08-04;25.1375;12;4;33;medium;2
2018-08-05;21.3;14;7;61;medium;3
2018-08-06;23.1;5;0;0;medium;1
2018-08-07;32.671428;7;0;14;high;2
2018-08-08;28.15;10;4;31;high;2
2018-08-09;24.575;13;5;21;high;2
2018-08-10;17.325;16;5;61;medium;3
2018-08-11;15.5;13;6;61;medium;3
2018-08-12;18.375;9;7;61;medium;3
2018-08-13;21.9125;8;7;61;high;3
2018-08-14;21.8;16;5;61;medium;3
2018-08-15;21.9875;13;6;21;medium;2
2018-08-16;25.075;9;3;0;high;1
2018-08-17;19.55;9;7;61;medium;3
2018-08-18;21.75;10;4;67;medium;4
2018-08-19;21.3875;10;7;40;medium;2
2018-08-20;19.6;13;6;21;medium;2
2018-08-21;19.7875;8;4;22;medium;2
2018-08-22;26.6375;8;0;0;high;1
2018-08-23;22.575;11;5;5;medium;2
2018-08-24;17.1;15;5;61;medium;3
2018-08-25;12.9;6;7;63;low;3
2018-08-26;16.9875;12;3;21;medium;2
2018-08-27;16.5375;13;6;63;low;3
2018-08-28;18.6125;9;6;61;low;3
2018-08-29;22.7;12;0;0;medium;1
2018-08-30;15.4625;13;7;63;low;3
2018-08-31;18.725;11;4;0;medium;1
2018-09-01;18.1125;8;2;0;medium;1
2018-09-02;18.95;11;1;5;medium;2
2018-09-03;21.0125;13;2;21;high;2
2018-09-04;20.525;11;1;5;medium;2
2018-09-05;20.2875;11;2;0;medium;1
2018-09-06;21.275;11;0;0;medium;1
2018-09-07;17.475;12;7;61;medium;3
2018-09-10;19.2375;12;5;41;medium;2
2018-09-11;16.55;12;7;61;medium;3
2018-09-12;14.3;11;7;61;medium;3
2018-09-13;17.3375;7;4;0;medium;1
2018-09-14;17.1125;9;3;14;medium;2
2018-09-21;14.957142;16;6;61;medium;3
2018-09-22;13.025;20;4;61;medium;3
2018-09-23;11.65;6;6;61;low;3
2018-09-24;11.2875;17;2;21;low;2
2018-09-25;12.7625;9;3;0;medium;1
2018-09-26;14.2375;16;7;61;medium;3
2018-09-27;17.6;13;7;0;medium;1
2018-09-28;12.8625;15;1;21;medium;2
2018-09-29;13.1;10;6;61;low;3
2018-09-30;13.9625;12;5;21;medium;2
2018-10-01;11.1625;12;5;21;low;2
2018-10-02;10.0;18;6;61;low;3
2018-10-03;12.2875;18;4;21;medium;2
2018-10-04;14.2625;8;7;61;medium;3
2018-10-05;18.1125;8;0;5;high;2
2018-10-06;14.3375;6;1;10;medium;2
2018-10-07;11.4;10;1;5;medium;2
2018-10-08;13.0625;10;5;41;medium;2
2018-10-09;15.125;9;3;0;medium;1
2018-10-10;17.1;6;0;10;high;2
2018-10-11;19.633333;7;0;0;high;1
2018-10-12;21.4125;7;0;2;high;1
2018-10-15;20.7875;6;0;0;high;1
2018-10-16;19.0625;6;7;10;high;2
2018-10-17;20.8375;5;2;5;high;2
2018-10-18;12.816666;12;1;5;medium;2
2018-10-19;10.925;6;3;5;medium;2
2018-10-22;11.1;14;2;0;medium;1
2018-10-23;11.925;23;7;63;medium;3
2018-10-24;10.357142;11;4;0;medium;1
2018-10-25;11.125;19;6;21;medium;2
2018-10-26;10.325;9;7;63;medium;3
2018-10-27;5.8375;13;7;63;low;3
2018-10-28;5.5875;14;2;0;low;1
2018-10-29;7.3625;17;7;21;medium;2
2018-10-30;10.6375;11;7;20;medium;2
2018-10-31;9.9;10;5;0;medium;1
2018-11-01;11.725;8;5;0;medium;1
2018-11-02;10.675;12;6;61;medium;3
2018-11-03;8.7;5;0;10;medium;2
2018-11-04;8.225;5;8;10;medium;2
2018-11-05;10.4125;6;8;10;medium;2
2018-11-06;8.5375;5;7;45;medium;2
2018-11-07;11.0875;4;1;28;medium;2
2018-11-08;11.625;7;6;20;medium;2
2018-11-09;9.3;6;7;61;medium;3
2018-11-10;11.425;8;7;61;medium;3
2018-11-11;12.2375;8;7;61;medium;3
2018-11-12;10.5375;4;7;61;medium;3
2018-11-13;10.325;9;7;61;medium;3
2018-11-14;8.4375;7;7;10;medium;2
2018-11-15;10.35;6;2;5;high;2
2018-11-16;8.2625;7;0;10;medium;2
2018-11-17;5.375;10;0;10;low;2
2018-11-18;6.75;14;7;0;medium;1
2018-11-19;5.775;21;6;61;medium;3
2018-11-20;4.725;16;7;62;medium;2
2018-11-21;3.05;12;7;0;medium;1
2018-11-22;1.5125;9;8;21;low;2
2018-11-23;1.8875;6;8;10;low;2
2018-11-24;3.025;4;8;10;medium;2
2018-11-25;5.1625;12;8;53;medium;3
2018-11-26;4.95;12;7;61;medium;3
2018-11-27;2.1625;3;8;12;low;2
2018-11-28;1.5;10;3;5;low;2
2018-11-29;3.3;10;7;61;medium;3
2018-11-30;7.8375;8;5;13;high;2
2018-12-01;7.1625;8;7;61;medium;3
2018-12-02;8.15;8;7;61;medium;3
2018-12-03;10.825;12;7;61;high;3
2018-12-04;5.442857;14;1;21;medium;2
2018-12-05;3.7375;6;1;0;medium;1
2018-12-06;6.725;7;7;61;medium;3
2018-12-07;10.825;9;7;61;high;3
2018-12-08;7.475;18;8;61;medium;3
2018-12-09;6.95;18;7;61;medium;3
2018-12-10;4.9125;15;5;21;medium;2
2018-12-11;4.6375;11;6;43;medium;2
2018-12-12;4.175;12;7;21;medium;2
2018-12-13;2.925;10;7;61;medium;3
2018-12-14;2.175;12;7;22;medium;2
2018-12-15;0.5375;7;7;50;low;3
2018-12-16;0.2;9;7;45;medium;2
2018-12-17;0.65;6;8;20;medium;2
2018-12-18;5.3125;6;7;21;medium;2
2018-12-19;3.175;9;7;61;low;3
2018-12-20;4.8875;4;7;53;medium;3
2018-12-21;6.1125;9;7;61;medium;3
2018-12-22;4.3;4;8;37;low;2
2018-12-23;6.45;9;7;61;medium;3
2018-12-24;2.5;10;7;22;low;2
2018-12-25;6.3625;16;7;62;medium;2
2018-12-26;7.9125;12;7;0;medium;1
2018-12-27;7.125;12;7;20;medium;2
2018-12-28;7.3125;11;7;61;medium;3
2018-12-29;7.675;10;8;61;high;3
2018-12-30;6.675;16;2;14;high;2
2018-12-31;7.3875;13;7;45;medium;2
2019-01-01;6.2875;26;6;21;medium;2
2019-01-02;3.9125;20;0;0;medium;1
2019-01-03;0.725;6;2;17;medium;2
2019-01-04;5.55;15;7;61;medium;3
2019-01-05;7.85;8;5;21;medium;2
2019-01-06;3.65;7;7;61;medium;3
2019-01-07;5.9375;8;8;55;medium;3
2019-01-08;5.5;19;6;21;medium;2
2019-01-09;3.1375;22;7;0;medium;1
2019-01-10;1.4;7;7;40;low;2
2019-01-11;6.8625;15;6;61;medium;3
2019-01-12;6.0875;13;7;61;medium;3
2019-01-13;7.6875;20;7;61;high;3
2019-01-14;1.9375;18;2;5;medium;2
2019-01-15;6.6625;18;7;61;high;3
2019-01-16;7.2125;14;7;61;high;3
2019-01-17;4.1875;15;7;61;medium;3
2019-01-18;1.2625;7;1;0;medium;1
2019-01-19;0.925;4;2;49;medium;2
2019-01-20;0.85;4;1;10;medium;2
2019-01-21;-0.425;9;6;71;medium;5
2019-01-22;0.1375;9;5;10;medium;2
2019-01-23;-3.075;7;4;10;low;2
2019-01-24;-4.8125;6;8;22;low;2
2019-01-25;-3.3875;6;8;71;medium;5
2019-01-26;3.8375;7;7;61;medium;3
2019-01-27;4.9375;7;8;61;medium;3
2019-01-28;2.75;5;8;20;medium;2
2019-01-29;1.575;7;6;68;medium;2
2019-01-30;1.6;10;5;35;medium;2
2019-01-31;1.4;7;7;20;medium;2
2019-02-01;-0.075;12;7;10;medium;2
2019-02-02;1.7375;10;8;10;medium;2
2019-02-03;2.5;9;1;0;medium;1
2019-02-04;2.95;12;7;47;medium;2
2019-02-05;4.6375;11;7;61;medium;3
2019-02-06;3.6625;11;7;61;medium;3
2019-02-07;6.0375;10;7;61;medium;3
2019-02-08;6.5;11;7;61;medium;3
2019-02-09;7.4;18;7;61;medium;3
2019-02-10;5.125;7;7;61;medium;3
2019-02-11;5.9375;16;2;0;medium;1
2019-02-12;5.225;12;4;20;high;2
2019-02-13;7.5375;13;8;20;high;2
2019-02-14;7.4;10;3;10;high;2
2019-02-15;11.3375;7;0;0;high;1
2019-02-16;10.425;12;0;5;high;2
2019-02-17;11.625;5;3;5;high;2
2019-02-18;11.725;7;0;0;high;1
2019-02-19;6.75;15;7;63;high;3
2019-02-20;7.34;11;7;61;medium;3
2019-02-21;7.675;12;8;61;medium;3
2019-02-22;4.125;11;4;0;medium;1
2019-02-23;4.775;6;6;30;medium;2
2019-02-24;9.6875;9;0;5;high;2
2019-02-25;9.8125;9;0;21;high;2
2019-02-26;10.85;7;0;5;high;2
2019-02-27;13.4125;10;1;5;high;2
2019-02-28;7.8875;11;5;21;medium;2
2019-03-01;5.6375;8;7;61;medium;3
2019-03-02;5.4;7;7;61;medium;3
2019-03-03;8.975;13;6;61;medium;3
2019-03-04;7.5375;20;6;61;medium;3
2019-03-05;6.8875;17;5;61;medium;3
2019-03-06;6.7625;9;7;61;medium;3
2019-03-07;9.65;19;6;61;medium;3
2019-03-08;6.8875;26;5;61;medium;3
2019-03-09;6.35;22;6;63;medium;3
2019-03-10;6.8875;10;6;21;medium;2
2019-03-11;4.075;6;5;61;low;3
2019-03-12;5.425;13;6;61;medium;3
2019-03-13;5.8;15;7;63;medium;3
2019-03-14;5.5625;12;7;61;medium;3
2019-03-15;7.4875;25;7;61;medium;3
2019-03-16;5.5875;11;7;61;medium;3
2019-03-17;7.4;20;5;21;medium;2
2019-03-18;6.325;21;5;61;medium;3
2019-03-19;7.0125;11;3;5;medium;2
2019-03-20;8.2875;12;8;53;medium;3
2019-03-21;10.225;14;8;10;medium;2
2019-03-22;9.7;6;7;20;medium;2
2019-03-23;10.2625;15;6;10;medium;2
2019-03-24;7.6625;12;4;0;medium;1
2019-03-25;7.3375;17;4;21;medium;2
2019-03-26;7.8375;16;7;21;medium;2
2019-03-27;8.375;14;8;61;medium;3
2019-03-28;10.7;9;8;53;medium;3
2019-03-29;12.1125;11;5;21;high;2
2019-03-30;15.5;11;1;5;high;2
2019-03-31;7.6625;13;0;5;medium;2
2019-04-01;8.05;13;0;5;medium;2
2019-04-02;11.685714;10;0;5;medium;2
2019-04-03;9.875;9;7;63;medium;3
2019-04-05;12.0625;10;2;5;high;2
2019-04-06;12.7625;10;0;10;high;2
2019-04-07;12.8375;8;0;5;medium;2
2019-04-08;9.1125;16;1;5;medium;2
2019-04-09;6.6625;15;1;5;low;2
2019-04-10;6.275;14;0;5;low;2
2019-04-11;5.3375;12;7;22;low;2
2019-04-12;5.2125;11;5;22;low;2
2019-04-13;3.475;16;7;68;low;2
2019-04-14;5.9375;16;7;61;low;3
2019-04-15;7.35;14;2;5;medium;2
2019-04-16;8.4375;15;0;5;medium;2
2019-04-17;11.6625;14;0;5;medium;2
2019-04-18;13.0125;14;0;5;medium;2
2019-04-19;14.1;12;0;5;medium;2
2019-04-20;13.125;8;0;8;medium;2
2019-04-21;16.8125;10;0;5;high;2
2019-04-22;15.775;16;0;5;high;2
2019-04-23;14.225;19;0;5;high;2
2019-04-24;17.65;10;2;21;high;2
2019-04-25;19.6125;7;0;1;high;1
2019-04-26;14.975;16;7;95;medium;4
2019-04-27;16.2125;13;5;0;medium;1
2019-04-28;9.85;10;7;61;medium;3
2019-04-29;13.6125;12;3;10;medium;2
2019-04-30;17.65;11;6;0;high;1
2019-05-01;9.2625;15;7;20;medium;2
2019-05-02;8.95;16;7;61;low;3
2019-05-03;8.7625;18;6;21;low;2
2019-05-04;7.3;15;5;61;low;3
2019-05-05;10.6875;15;5;35;medium;2
2019-05-06;9.1625;18;3;61;low;3
2019-05-07;9.6625;14;3;21;low;2
2019-05-08;12.8125;8;6;61;medium;3
2019-05-09;15.0;7;6;61;medium;3
2019-05-10;10.4625;11;7;61;low;3
2019-05-11;11.525;9;1;11;low;2
2019-05-12;13.0125;16;1;5;medium;2
2019-05-13;12.7125;11;1;5;medium;2
2019-05-14;12.3375;9;7;61;medium;3
2019-05-15;13.9;11;2;17;medium;2
2019-05-16;12.475;15;7;61;medium;3
2019-05-17;11.95;11;7;10;medium;2
2019-05-18;16.4875;13;3;5;medium;2
2019-05-19;14.2375;12;4;10;medium;2
2019-05-20;16.8125;9;3;28;medium;2
2019-05-21;16.425;10;7;61;medium;3
2019-05-22;12.1;15;6;61;low;3
2019-05-23;18.2375;10;5;0;medium;1
2019-05-24;18.4125;17;2;0;medium;1
2019-05-25;13.5375;14;7;53;medium;3
2019-05-26;13.625;10;7;61;medium;3
2019-05-27;15.2625;13;6;65;medium;4
2019-05-28;13.1625;12;6;50;medium;3
2019-05-29;13.3625;8;3;0;medium;1
2019-05-30;14.0125;9;7;61;medium;3
2019-05-31;18.85;14;7;75;medium;5
2019-06-01;19.5625;15;6;0;medium;1
2019-06-02;24.35;8;2;4;high;2
2019-06-03;22.225;12;6;21;high;2
2019-06-04;16.0625;10;7;61;medium;3
2019-06-05;22.9125;11;5;45;medium;2
2019-06-06;19.5;13;6;61;medium;3
2019-06-07;17.45;10;1;8;medium;2
2019-06-08;16.2375;13;7;61;medium;3
2019-06-09;18.65;10;5;13;medium;2
2019-06-10;16.125;14;7;61;medium;3
2019-06-11;18.1375;6;6;95;medium;4
2019-06-12;16.6625;10;7;95;medium;4
2019-06-13;22.175;11;0;3;high;1
2019-06-14;22.9;9;5;95;high;4
2019-06-15;18.2125;12;7;95;medium;4
2019-06-16;20.3875;8;6;0;high;1
2019-06-17;21.875;9;3;25;high;2
2019-06-18;25.1125;6;5;95;high;4
2019-06-19;25.95;8;3;17;high;2
2019-06-20;19.275;8;6;21;medium;2
2019-06-21;18.1625;11;6;25;medium;2
2019-06-22;17.025;9;6;5;medium;2
2019-06-23;20.375;12;1;5;medium;2
2019-06-24;21.875;13;6;29;high;2
2019-06-25;28.775;7;3;27;high;2
2019-06-26;26.0375;16;0;5;high;2
2019-06-27;17.175;14;6;47;medium;2
2019-06-28;20.225;7;1;2;medium;1
2019-06-29;24.0375;8;0;0;high;1
2019-06-30;27.3375;19;0;5;high;2
2019-07-01;20.25;20;5;0;medium;1
2019-07-02;15.1875;18;6;21;medium;2
2019-07-03;16.5;13;5;21;low;2
2019-07-04;15.9625;15;7;61;low;3
2019-07-05;15.7375;13;7;61;low;3
2019-07-06;15.9125;17;7;61;low;3
2019-07-07;14.4625;16;7;68;low;2
2019-07-08;16.0125;15;7;61;low;3
2019-07-09;16.625;13;7;20;medium;2
2019-07-10;19.2125;11;1;6;medium;2
2019-07-11;17.6125;6;7;53;medium;3
2019-07-12;18.475;7;7;61;medium;3
2019-07-13;19.9;12;7;20;medium;2
2019-07-14;15.3625;9;8;20;low;2
2019-07-15;15.5875;16;7;64;low;2
2019-07-16;19.1125;14;5;0;medium;1
2019-07-17;17.5375;6;4;0;medium;1
2019-07-18;21.25;8;6;0;medium;1
2019-07-19;21.0875;11;6;21;medium;2
2019-07-20;24.35;14;7;95;medium;4
2019-07-21;18.9;16;8;21;medium;2
2019-07-22;16.6375;5;7;61;low;3
2019-07-23;26.1;9;0;0;medium;1
2019-07-24;27.6875;10;0;0;medium;1
2019-07-25;29.725;11;6;53;high;3
2019-07-26;26.925;14;0;5;medium;2
2019-07-27;23.5375;21;4;5;medium;2
2019-07-28;23.35;14;3;5;medium;2
2019-07-29;25.25;7;6;61;medium;3
2019-07-30;20.7375;8;7;61;medium;3
2019-07-31;20.45;7;6;61;medium;3
2019-08-01;21.0625;9;5;61;medium;3
