Datum;Bewoelkung;Temperatur;Windgeschwindigkeit;Wettercode;bewoelkung_time;wettercode_knn
2012-01-01;8.0;9.825;14;58.0;8;58
2012-01-02;7.0;7.4375;12;;7;33
2012-01-03;8.0;5.5375;18;63.0;8;63
2012-01-04;4.0;5.6875;19;80.0;4;80
2012-01-05;6.0;5.3;23;80.0;6;80
2012-01-06;3.0;2.625;10;;3;18
2012-01-07;7.0;6.528571;14;61.0;7;61
2012-01-08;7.0;5.9625;10;80.0;7;80
2012-01-09;8.0;5.15;12;61.0;8;61
2012-01-10;6.0;6.1125;10;;6;45
2012-01-11;6.0;7.8625;16;51.0;6;51
2012-01-12;7.0;7.4375;25;61.0;7;61
2012-01-13;2.0;4.8;18;;2;14
2012-01-14;3.0;2.8875;10;;3;18
2012-01-15;1.0;2.225;6;;1;4
2012-01-16;8.0;3.0625;6;61.0;8;61
2012-01-17;6.0;4.4875;10;;6;41
2012-01-18;7.0;2.35;12;51.0;7;51
2012-01-19;8.0;5.2625;16;80.0;8;80
2012-01-20;6.0;3.4375;12;26.0;6;26
2012-01-21;7.0;3.5375;16;68.0;7;68
2012-01-22;6.0;3.7875;12;21.0;6;21
2012-01-23;5.0;2.2125;4;10.0;5;10
2012-01-24;3.0;1.7625;6;;3;37
2012-01-25;3.0;-0.1875;8;;3;15
2012-01-26;2.0;0.3625;12;;2;16
2012-01-27;8.0;-1.0;10;71.0;8;71
2012-01-28;6.0;-1.3875;10;10.0;6;10
2012-01-29;7.0;-3.1625;8;71.0;7;71
2012-01-30;3.0;-2.275;12;;3;19
2012-01-31;1.0;-2.375;18;;1;17
2012-02-01;7.0;-1.825;16;71.0;7;71
2012-02-02;6.0;-5.85;8;85.0;6;85
2012-02-03;4.0;-5.85;14;3.0;4;3
2012-02-04;4.0;-7.5375;10;71.0;4;71
2012-02-05;5.0;-7.7125;8;;5;64
2012-02-06;4.0;-10.25;6;10.0;4;10
2012-02-07;6.0;-3.0;18;71.0;6;71
2012-02-08;6.0;-2.7625;10;;6;34
2012-02-09;6.0;-1.6625;21;3.0;6;3
2012-02-10;6.0;-2.8125;8;71.0;6;71
2012-02-11;7.0;-4.575;8;78.0;7;78
2012-02-12;8.0;-1.2375;16;72.0;8;72
2012-02-13;6.0;-2.325;8;10.0;6;10
2012-02-14;8.0;1.3;10;47.0;8;47
2012-02-15;1.0;4.8625;18;;1;10
2012-02-16;7.0;2.9625;10;61.0;7;61
2012-02-17;5.0;5.5625;14;;5;58
2012-02-18;8.0;6.175;14;61.0;8;61
2012-02-19;4.0;4.2;18;25.0;4;25
2012-02-20;5.0;4.1125;14;;5;53
2012-02-21;8.0;4.95;14;58.0;8;58
2012-02-22;7.0;7.175;18;51.0;7;51
2012-02-23;6.0;8.4125;18;;6;33
2012-02-24;7.0;8.35;19;20.0;7;20
2012-02-25;6.0;6.525;19;61.0;6;61
2012-02-26;1.0;4.675;8;;1;8
2012-02-27;8.0;3.725;12;61.0;8;61
2012-02-28;8.0;7.675;14;51.0;8;51
2012-02-29;8.0;7.775;10;47.0;8;47
2012-03-01;6.0;7.625;12;43.0;6;43
2012-03-02;7.0;5.9125;6;28.0;7;28
2012-03-03;5.0;7.0375;14;;5;57
2012-03-04;7.0;4.675;8;;7;53
2012-03-05;7.0;4.875;10;;7;45
2012-03-06;4.0;4.5125;10;;4;31
2012-03-07;7.0;4.05;10;61.0;7;61
2012-03-08;2.0;7.5125;14;;2;6
2012-03-09;8.0;7.825;14;10.0;8;10
2012-03-10;6.0;8.7;19;10.0;6;10
2012-03-11;6.0;8.95;14;;6;51
2012-03-12;5.0;9.0125;18;;5;37
2012-03-13;6.0;9.95;16;1.0;6;1
2012-03-14;7.0;7.7875;10;;7;45
2012-03-15;6.0;7.4;8;;6;33
2012-03-16;3.0;12.0375;14;10.0;3;10
2012-03-17;6.0;9.775;14;10.0;6;10
2012-03-18;7.0;9.8375;16;61.0;7;61
2012-03-19;4.0;8.1125;18;;4;26
2012-03-20;7.0;8.0875;18;51.0;7;51
2012-03-21;5.0;12.625;16;;5;23
2012-03-22;0.0;12.7625;6;2.0;0;2
2012-03-23;0.0;13.4875;6;;0;2
2012-03-24;5.0;7.8375;8;10.0;5;10
2012-03-25;0.0;13.1375;10;1.0;0;1
2012-03-26;7.0;8.4875;8;51.0;7;51
2012-03-27;4.0;15.5;10;;4;24
2012-03-28;3.0;14.8375;18;5.0;3;5
2012-03-29;6.0;8.9875;19;21.0;6;21
2012-03-30;3.0;9.9625;18;1.0;3;1
2012-03-31;4.0;6.1125;19;61.0;4;61
2012-04-01;7.0;6.525;19;25.0;7;25
2012-04-02;7.0;5.5875;16;;7;62
2012-04-03;7.0;3.3;10;22.0;7;22
2012-04-04;7.0;4.5875;18;21.0;7;21
2012-04-05;1.0;5.6375;10;;1;5
2012-04-06;7.0;6.2;18;61.0;7;61
2012-04-07;4.0;3.7125;19;;4;49
2012-04-08;2.0;5.75;10;;2;28
2012-04-09;8.0;6.5125;10;58.0;8;58
2012-04-10;8.0;10.5875;10;61.0;8;61
2012-04-11;7.0;10.475;12;;7;53
2012-04-12;6.0;9.575;12;81.0;6;81
2012-04-13;7.0;8.725;10;;7;50
2012-04-14;6.0;8.8125;8;25.0;6;25
2012-04-15;7.0;8.075;10;21.0;7;21
2012-04-16;4.0;7.5;16;80.0;4;80
2012-04-17;5.0;8.0375;12;;5;30
2012-04-18;6.0;9.6125;10;;6;67
2012-04-19;2.0;14.2375;14;;2;11
2012-04-20;6.0;9.225;10;95.0;6;95
2012-04-21;6.0;12.2;10;91.0;6;91
2012-04-22;6.0;9.9875;10;80.0;6;80
2012-04-23;6.0;9.95;10;81.0;6;81
2012-04-24;7.0;10.0;8;61.0;7;61
2012-04-25;6.0;11.6375;12;;6;65
2012-04-26;6.0;14.1875;14;60.0;6;60
2012-04-27;5.0;14.925;12;25.0;5;25
2012-04-28;6.0;9.5125;18;61.0;6;61
2012-04-29;7.0;11.4625;23;;7;46
2012-04-30;3.0;16.2375;8;;3;26
2012-05-01;5.0;13.4125;19;;5;49
2012-05-02;1.0;13.45;12;;1;16
2012-05-03;6.0;16.6;8;;6;45
2012-05-04;7.0;12.65;10;80.0;7;80
2012-05-05;2.0;10.5;8;;2;2
2012-05-06;5.0;8.6;8;;5;13
2012-05-07;7.0;7.575;6;61.0;7;61
2012-05-08;6.0;16.075;8;;6;45
2012-05-09;6.0;16.85;10;81.0;6;81
2012-05-10;7.0;17.85;12;61.0;7;61
2012-05-11;5.0;16.525;19;;5;45
2012-05-12;5.0;9.3875;23;80.0;5;80
2012-05-13;6.0;11.0125;10;;6;38
2012-05-14;6.0;14.525;12;;6;54
2012-05-15;7.0;11.45;10;;7;60
2012-05-16;6.0;8.8875;19;80.0;6;80
2012-05-17;4.0;10.8125;18;3.0;4;3
2012-05-18;6.0;16.2125;10;;6;49
2012-05-19;5.0;17.7625;6;;5;27
2012-05-20;6.0;18.475;10;;6;25
2012-05-21;5.0;18.514285;14;;5;29
2012-05-22;4.0;19.2;12;;4;44
2012-05-23;4.0;18.2375;14;;4;61
2012-05-24;0.0;18.8625;12;;0;3
2012-05-25;0.0;19.85;10;;0;2
2012-05-26;4.0;21.45;8;;4;30
2012-05-27;1.0;19.875;10;;1;2
2012-05-28;2.0;22.8375;14;;2;13
2012-05-29;4.0;15.35;12;;4;28
2012-05-30;6.0;12.9375;14;;6;44
2012-05-31;7.0;13.2625;10;61.0;7;61
2012-06-01;4.0;12.8875;19;25.0;4;25
2012-06-02;4.0;12.4625;16;25.0;4;25
2012-06-03;7.0;12.35;12;;7;52
2012-06-04;7.0;13.2125;14;;7;62
2012-06-05;5.0;13.2125;16;25.0;5;25
2012-06-06;7.0;13.8375;10;61.0;7;61
2012-06-07;7.0;15.1875;10;51.0;7;51
2012-06-08;4.0;19.3375;12;95.0;4;95
2012-06-09;6.0;14.6;14;61.0;6;61
2012-06-10;6.0;15.0;16;51.0;6;51
2012-06-11;3.0;16.525;8;;3;14
2012-06-12;7.0;14.1125;6;63.0;7;63
2012-06-13;4.0;15.1625;12;;4;39
2012-06-14;6.0;14.05;12;;6;54
2012-06-15;7.0;18.3125;8;63.0;7;63
2012-06-16;6.0;18.4625;10;25.0;6;25
2012-06-17;6.0;16.9625;14;25.0;6;25
2012-06-18;6.0;19.5875;19;95.0;6;95
2012-06-19;6.0;17.3125;6;;6;34
2012-06-20;6.0;17.65;12;;6;37
2012-06-21;4.0;18.5125;16;;4;39
2012-06-22;4.0;18.325;14;29.0;4;29
2012-06-23;6.0;16.8875;12;80.0;6;80
2012-06-24;8.0;12.875;12;63.0;8;63
2012-06-25;6.0;13.8875;18;80.0;6;80
2012-06-26;6.0;14.3;18;20.0;6;20
2012-06-27;8.0;14.5625;10;;8;46
2012-06-28;6.0;18.2625;8;;6;72
2012-06-29;6.0;22.75;8;95.0;6;95
2012-06-30;5.0;23.1375;10;;5;69
2012-07-01;4.0;19.5125;14;;4;31
2012-07-02;6.0;19.4375;10;;6;53
2012-07-03;3.0;20.5375;12;;3;28
2012-07-04;5.0;19.95;12;;5;45
2012-07-05;7.0;17.2625;12;10.0;7;10
2012-07-06;7.0;18.5375;10;60.0;7;60
2012-07-07;7.0;20.7875;4;;7;51
2012-07-08;5.0;22.975;10;95.0;5;95
2012-07-09;7.0;16.5;16;61.0;7;61
2012-07-10;6.0;18.825;14;1.0;6;1
2012-07-11;6.0;17.15;14;29.0;6;29
2012-07-12;5.0;15.4875;14;81.0;5;81
2012-07-13;6.0;17.0875;6;21.0;6;21
2012-07-14;6.0;17.9125;19;25.0;6;25
2012-07-15;5.0;16.375;16;25.0;5;25
2012-07-16;5.0;16.875;16;80.0;5;80
2012-07-17;5.0;17.1375;18;80.0;5;80
2012-07-18;7.0;16.95;6;63.0;7;63
2012-07-19;7.0;15.8125;16;81.0;7;81
2012-07-20;6.0;15.25;16;80.0;6;80
2012-07-21;6.0;16.1625;16;;6;50
2012-07-22;4.0;18.325;12;;4;37
2012-07-23;2.0;22.483333;12;;2;9
2012-07-25;1.0;25.65;8;;1;4
2012-07-26;1.0;22.5875;8;;1;5
2012-07-27;1.0;26.075;10;;1;0
2012-07-28;7.0;18.95;14;63.0;7;63
2012-07-29;7.0;16.0375;8;61.0;7;61
2012-07-30;6.0;15.1875;10;95.0;6;95
2012-07-31;5.0;17.1625;12;;5;52
2012-08-01;6.0;21.0625;6;;6;41
2012-08-02;6.0;22.725;10;29.0;6;29
2012-08-03;4.0;20.6875;10;91.0;4;91
2012-08-04;6.0;18.225;6;61.0;6;61
2012-08-05;6.0;21.6125;4;;6;53
2012-08-06;5.0;19.575;16;80.0;5;80
2012-08-07;6.0;17.3125;14;80.0;6;80
2012-08-08;4.0;17.9;16;80.0;4;80
2012-08-09;5.0;18.35;12;;5;45
2012-08-10;6.0;17.3;14;25.0;6;25
2012-08-11;2.0;18.85;10;;2;10
2012-08-12;1.0;19.7875;12;;1;2
2012-08-13;2.0;20.0375;14;;2;10
2012-08-14;2.0;20.1625;12;;2;10
2012-08-15;1.0;20.4;14;;1;3
2012-08-16;6.0;17.325;10;63.0;6;63
2012-08-17;5.0;21.9375;8;;5;43
2012-08-18;6.0;27.525;8;;6;59
2012-08-19;2.0;26.875;8;;2;3
2012-08-20;3.0;26.15;16;;3;27
2012-08-21;6.0;20.8125;6;;6;41
2012-08-22;4.0;20.0125;18;;4;37
2012-08-23;5.0;19.8375;18;80.0;5;80
2012-08-24;7.0;16.2625;4;61.0;7;61
2012-08-25;6.0;18.8625;8;80.0;6;80
2012-08-26;6.0;17.325;14;95.0;6;95
2012-08-27;2.0;17.8625;12;;2;6
2012-08-28;7.0;19.5875;8;61.0;7;61
2012-08-29;4.0;20.6625;8;3.0;4;3
2012-08-30;7.0;19.2375;6;;7;43
2012-08-31;3.0;17.2875;14;;3;36
2012-09-01;6.0;16.6;12;;6;55
2012-09-02;6.0;19.15;14;;6;29
2012-09-03;4.0;19.475;12;;4;44
2012-09-04;4.0;20.5375;14;;4;51
2012-09-05;6.0;17.1375;14;80.0;6;80
2012-09-06;7.0;16.1125;14;;7;61
2012-09-07;7.0;16.125;12;58.0;7;58
2012-09-08;5.0;18.4625;16;51.0;5;51
2012-09-09;4.0;21.075;6;;4;50
2012-09-10;4.0;23.125;12;;4;34
2012-09-11;7.0;17.0875;12;61.0;7;61
2012-09-12;4.0;13.9625;12;80.0;4;80
2012-09-13;3.0;15.1;8;;3;23
2012-09-14;8.0;13.7125;16;61.0;8;61
2012-09-15;6.0;15.625;18;80.0;6;80
2012-09-16;3.0;18.35;12;;3;17
2012-09-17;4.0;17.4375;14;25.0;4;25
2012-09-18;6.0;15.0375;14;80.0;6;80
2012-09-19;5.0;10.6375;16;81.0;5;81
2012-09-20;6.0;11.4875;12;80.0;6;80
2012-09-21;7.0;14.25;14;21.0;7;21
2012-09-22;5.0;11.5;14;25.0;5;25
2012-09-23;4.0;13.65;10;;4;48
2012-09-24;8.0;10.4125;16;61.0;8;61
2012-09-25;7.0;14.925;10;80.0;7;80
2012-09-26;7.0;12.5625;6;61.0;7;61
2012-09-27;7.0;13.2;10;61.0;7;61
2012-09-28;6.0;13.5625;12;;6;40
2012-09-29;5.0;13.2625;16;25.0;5;25
2012-09-30;4.0;13.875;14;25.0;4;25
2012-10-01;7.0;13.8625;10;;7;54
2012-10-02;6.0;15.1625;10;10.0;6;10
2012-10-03;7.0;14.175;12;65.0;7;65
2012-10-04;7.0;10.45;10;80.0;7;80
2012-10-05;7.0;9.7375;14;61.0;7;61
2012-10-08;4.0;12.4375;12;80.0;4;80
2012-10-09;1.0;10.9875;19;80.0;1;80
2012-10-10;5.0;10.1;12;80.0;5;80
2012-10-11;4.0;11.4375;6;;4;25
2012-10-12;6.0;10.1375;10;61.0;6;61
2012-10-15;6.0;9.5875;10;51.0;6;51
2012-10-16;7.0;10.8875;12;61.0;7;61
2012-10-17;7.0;12.1;12;21.0;7;21
2012-10-18;6.0;16.775;8;;6;42
2012-10-19;3.0;19.35;6;;3;10
2012-10-22;8.0;12.675;8;10.0;8;10
2012-10-23;8.0;11.8875;8;51.0;8;51
2012-10-24;8.0;10.9875;6;51.0;8;51
2012-10-25;6.0;8.7375;16;80.0;6;80
2012-10-26;5.0;5.1875;8;;5;38
2012-10-29;8.0;3.625;14;61.0;8;61
2012-10-30;4.0;7.0625;8;25.0;4;25
2012-10-31;6.0;7.95;10;10.0;6;10
2012-11-01;7.0;5.8125;10;;7;49
2012-11-02;7.0;7.475;12;21.0;7;21
2012-11-05;7.0;6.5875;10;61.0;7;61
2012-11-06;6.0;7.45;14;80.0;6;80
2012-11-07;7.0;10.3;16;51.0;7;51
2012-11-08;7.0;9.6625;16;80.0;7;80
2012-11-09;7.0;9.5;8;20.0;7;20
2012-11-12;6.0;7.3125;12;80.0;6;80
2012-11-13;7.0;7.2;8;10.0;7;10
2012-11-14;8.0;9.6625;6;10.0;8;10
2012-11-15;7.0;8.7125;6;5.0;7;5
2012-11-16;7.0;-0.275;6;10.0;7;10
2012-11-19;3.0;6.125;8;3.0;3;3
2012-11-20;6.0;7.675;8;10.0;6;10
2012-11-21;8.0;6.1875;12;10.0;8;10
2012-11-22;4.0;9.1;14;3.0;4;3
2012-11-23;7.0;6.7;10;61.0;7;61
2012-11-26;6.0;8.1625;10;;6;39
2012-11-27;7.0;7.625;8;20.0;7;20
2012-11-28;8.0;5.325;8;51.0;8;51
2012-11-29;7.0;3.4625;14;61.0;7;61
2012-11-30;2.0;0.725;10;;2;17
2012-12-03;8.0;1.033333;8;10.0;8;10
2012-12-04;7.0;1.375;8;69.0;7;69
2012-12-05;2.0;-4.7875;10;;2;21
2012-12-06;1.0;-4.45;8;;1;16
2012-12-07;4.0;-1.7875;8;10.0;4;10
2012-12-10;8.0;0.1875;18;71.0;8;71
2012-12-11;6.0;-1.8625;14;;6;47
2012-12-12;3.0;-5.7375;4;10.0;3;10
2012-12-13;7.0;-2.0625;4;78.0;7;78
2012-12-14;7.0;-2.6875;10;10.0;7;10
2012-12-17;8.0;4.1875;4;47.0;8;47
2012-12-18;8.0;3.6375;10;61.0;8;61
2012-12-19;7.0;2.8625;6;20.0;7;20
2012-12-20;7.0;2.0875;12;5.0;7;5
2012-12-21;7.0;-0.2125;10;13.0;7;13
2013-04-30;3.0;11.116666;15;0.0;3;0
2013-05-01;0.0;9.9;11;;0;3
2013-05-02;1.0;11.0375;12;;1;4
2013-05-03;0.0;12.9125;9;;0;5
2013-05-04;0.0;17.95;18;;0;3
2013-05-05;3.0;16.2125;10;;3;13
2013-05-06;0.0;15.675;8;;0;1
2013-05-07;1.0;17.4125;10;21.0;1;21
2013-05-08;4.0;18.8125;9;21.0;4;21
2013-05-09;7.0;16.125;11;21.0;7;21
2013-05-10;5.0;15.5;12;21.0;5;21
2013-05-11;7.0;15.4125;11;;7;54
2013-05-12;7.0;11.7125;12;61.0;7;61
2013-05-13;7.0;11.4375;10;65.0;7;65
2013-05-14;5.0;12.6;10;21.0;5;21
2013-05-15;4.0;20.5375;10;61.0;4;61
2013-05-16;0.0;16.1625;13;5.0;0;5
2013-05-17;0.0;21.3125;11;5.0;0;5
2013-05-18;7.0;13.85;12;10.0;7;10
2013-05-19;8.0;13.05;5;20.0;8;20
2013-05-20;7.0;15.775;8;21.0;7;21
2013-05-21;7.0;12.525;9;65.0;7;65
2013-05-22;7.0;9.0625;23;63.0;7;63
2013-05-23;5.0;10.525;8;61.0;5;61
2013-05-24;5.0;12.5;8;61.0;5;61
2013-05-25;7.0;11.3375;11;63.0;7;63
2013-05-26;7.0;14.1625;15;63.0;7;63
2013-05-27;6.0;14.7875;10;;6;39
2013-05-28;6.0;15.4;10;20.0;6;20
2013-05-29;7.0;13.6625;14;61.0;7;61
2013-05-30;4.0;16.125;11;21.0;4;21
2013-05-31;3.0;17.65;12;;3;19
2013-06-01;3.0;20.3875;10;21.0;3;21
2013-06-02;2.0;14.975;18;;2;6
2013-06-03;0.0;17.35;13;;0;3
2013-06-04;3.0;17.1625;15;;3;37
2013-06-05;4.0;19.0875;9;;4;37
2013-06-06;0.0;20.85;12;;0;3
2013-06-07;0.0;19.7;8;;0;4
2013-06-08;1.0;16.9625;9;;1;5
2013-06-09;4.0;15.8875;7;;4;19
2013-06-10;2.0;17.725;8;0.0;2;0
2013-06-11;2.0;16.6625;9;;2;6
2013-06-12;5.0;22.35;7;;5;52
2013-06-14;2.0;16.7125;16;0.0;2;0
2013-06-15;6.0;17.0875;27;61.0;6;61
2013-06-16;7.0;15.5875;16;21.0;7;21
2013-06-17;0.0;17.9;8;;0;2
2013-06-18;1.0;20.05;10;0.0;1;0
2013-06-19;6.0;23.5375;10;63.0;6;63
2013-06-20;2.0;21.8375;10;;2;6
2013-06-21;7.0;19.575;14;63.0;7;63
2013-06-22;6.0;19.7375;10;;6;67
2013-06-23;6.0;17.5375;10;21.0;6;21
2013-06-24;7.0;15.95;12;63.0;7;63
2013-06-25;7.0;15.175;10;21.0;7;21
2013-06-26;7.0;13.825;18;61.0;7;61
2013-06-27;7.0;12.55;10;61.0;7;61
2013-06-28;7.0;13.05;10;61.0;7;61
2013-06-29;6.0;14.8375;16;61.0;6;61
2013-06-30;7.0;14.0125;15;63.0;7;63
2013-07-01;6.0;17.8375;15;20.0;6;20
2013-07-02;3.0;17.3125;10;;3;18
2013-07-03;7.0;21.075;6;61.0;7;61
2013-07-04;7.0;18.85;7;20.0;7;20
2013-07-05;5.0;19.975;12;;5;37
2013-07-06;0.0;18.9625;8;;0;3
2013-07-07;0.0;21.375;9;;0;3
2013-07-08;0.0;22.725;10;5.0;0;5
2013-07-09;0.0;23.275;8;;0;2
2013-07-10;2.0;19.6875;13;5.0;2;5
2013-07-11;0.0;21.375;12;5.0;0;5
2013-07-12;0.0;20.2875;7;;0;2
2013-07-13;1.0;20.125;12;;1;2
2013-07-14;5.0;17.6875;15;5.0;5;5
2013-07-15;6.0;18.7375;12;;6;37
2013-07-16;1.0;21.1875;10;;1;2
2013-07-17;5.0;22.5125;8;;5;62
2013-07-18;1.0;23.25;11;5.0;1;5
2013-07-19;3.0;22.475;16;5.0;3;5
2013-07-20;0.0;23.1875;8;;0;1
2013-07-21;0.0;26.375;8;;0;1
2013-07-22;0.0;26.1;9;;0;1
2013-07-23;0.0;24.95;12;;0;3
2013-07-24;3.0;24.075;11;;3;21
2013-07-25;2.0;23.0875;9;;2;14
2013-07-26;3.0;27.2625;6;;3;46
2013-07-27;1.0;26.1625;10;;1;0
2013-07-28;4.0;24.8875;13;61.0;4;61
2013-07-29;1.0;22.7875;10;;1;7
2013-07-30;5.0;21.075;13;21.0;5;21
2013-07-31;5.0;20.275;16;65.0;5;65
2013-08-01;6.0;23.4;7;21.0;6;21
2013-08-02;0.0;31.4375;7;;0;14
2013-08-03;4.0;23.3625;11;63.0;4;63
2013-08-04;3.0;23.05;8;;3;22
2013-08-05;0.0;25.8;10;;0;1
2013-08-06;5.0;22.225;13;;5;21
2013-08-07;4.0;19.2125;8;;4;17
2013-08-08;7.0;16.975;12;20.0;7;20
2013-08-09;4.0;20.3375;10;21.0;4;21
2013-08-10;7.0;19.3625;12;61.0;7;61
2013-08-11;7.0;16.3875;9;61.0;7;61
2013-08-12;7.0;16.45;11;63.0;7;63
2013-08-13;3.0;16.4;16;95.0;3;95
2013-08-14;4.0;18.2625;18;61.0;4;61
2013-08-15;3.0;19.8;8;;3;15
2013-08-16;4.0;23.575;11;0.0;4;0
2013-08-17;6.0;20.55;7;0.0;6;0
2013-08-18;7.0;18.5875;10;63.0;7;63
2013-08-19;5.0;18.4875;8;;5;51
2013-08-20;7.0;17.775;8;61.0;7;61
2013-08-21;5.0;20.125;8;;5;33
2013-08-22;4.0;21.6625;8;;4;30
2013-08-23;1.0;22.0375;14;;1;15
2013-08-24;0.0;20.85;16;5.0;0;5
2013-08-25;0.0;21.3875;16;5.0;0;5
2013-08-26;0.0;20.125;15;5.0;0;5
2013-08-27;1.0;21.0875;12;;1;4
2013-08-28;0.0;21.3;7;;0;2
2013-08-29;3.0;20.2125;11;;3;28
2013-08-30;6.0;19.7875;8;5.0;6;5
2013-08-31;5.0;18.35;16;21.0;5;21
2013-09-01;7.0;15.8625;16;61.0;7;61
2013-09-02;7.0;16.575;17;63.0;7;63
2013-09-03;7.0;18.225;11;21.0;7;21
2013-09-04;7.0;18.125;5;;7;52
2013-09-05;0.0;21.7;8;;0;2
2013-09-06;0.0;24.7;9;;0;1
2013-09-07;6.0;22.7625;7;;6;44
2013-09-08;7.0;20.1625;8;61.0;7;61
2013-09-09;8.0;11.575;11;63.0;8;63
2013-09-10;6.0;13.5875;11;65.0;6;65
2013-09-11;6.0;13.9;8;61.0;6;61
2013-09-12;6.0;16.1125;6;61.0;6;61
2013-09-13;6.0;17.4375;5;21.0;6;21
2013-09-14;5.0;17.625;10;63.0;5;63
2013-09-15;7.0;14.8625;10;21.0;7;21
2013-09-16;3.0;13.1375;13;21.0;3;21
2013-09-17;5.0;13.1375;10;63.0;5;63
2013-09-18;4.0;13.05;9;;4;44
2013-09-19;5.0;14.8375;11;63.0;5;63
2013-09-20;7.0;13.525;6;;7;38
2013-09-21;7.0;15.35;9;;7;39
2013-09-22;6.0;17.1375;14;21.0;6;21
2013-09-23;7.0;17.3125;14;21.0;7;21
2013-09-24;8.0;15.7375;10;;8;54
2013-09-25;6.0;13.5375;7;61.0;6;61
2013-09-26;1.0;12.9875;12;;1;4
2013-09-27;5.0;13.0125;8;21.0;5;21
2013-09-28;0.0;13.1;8;;0;8
2013-09-29;3.0;14.175;12;;3;24
2013-09-30;1.0;12.825;14;;1;7
2013-10-01;0.0;12.9125;13;5.0;0;5
2013-10-02;1.0;12.7;10;;1;5
2013-10-03;0.0;11.7625;12;5.0;0;5
2013-10-04;5.0;11.2;8;63.0;5;63
2013-10-05;7.0;15.575;8;20.0;7;20
2013-10-06;7.0;15.25;6;;7;53
2013-10-07;1.0;16.275;7;;1;2
2013-10-08;6.0;15.1125;8;61.0;6;61
2013-10-09;7.0;14.3125;10;21.0;7;21
2013-10-10;5.0;10.975;6;;5;31
2013-10-11;7.0;13.8625;20;10.0;7;10
2013-10-12;8.0;13.025;21;63.0;8;63
2013-10-13;5.0;10.8625;5;;5;21
2013-10-14;2.0;12.525;6;;2;4
2013-10-15;7.0;10.6625;4;63.0;7;63
2013-10-16;8.0;12.275;7;;8;59
2013-10-17;7.0;12.0;15;65.0;7;65
2013-10-18;1.0;9.075;9;;1;8
2013-10-19;7.0;9.45;9;;7;46
2013-10-20;7.0;15.1875;8;21.0;7;21
2013-10-21;7.0;14.2625;8;61.0;7;61
2013-10-22;2.0;17.6375;7;;2;2
2013-10-23;6.0;17.675;9;;6;42
2013-10-24;5.0;12.6875;12;61.0;5;61
2013-10-25;7.0;11.8875;7;61.0;7;61
2013-10-26;5.0;16.775;10;21.0;5;21
2013-10-27;6.0;14.9875;16;65.0;6;65
2013-10-28;7.0;14.3625;29;63.0;7;63
2013-10-29;7.0;10.775;17;63.0;7;63
2013-10-30;6.0;10.4375;10;61.0;6;61
2013-10-31;5.0;11.1625;13;21.0;5;21
2013-11-01;8.0;10.625;9;63.0;8;63
2013-11-02;8.0;8.8875;3;63.0;8;63
2013-11-03;6.0;10.7;15;21.0;6;21
2013-11-04;7.0;6.8375;7;63.0;7;63
2013-11-05;4.0;8.9;12;61.0;4;61
2013-11-06;4.0;8.1375;12;63.0;4;63
2013-11-07;6.0;9.5;10;61.0;6;61
2013-11-08;3.0;9.325;9;;3;4
2013-11-09;5.0;7.7;16;63.0;5;63
2013-11-10;2.0;6.9875;12;63.0;2;63
2013-11-11;2.0;8.3125;5;;2;9
2013-11-12;7.0;5.9375;9;61.0;7;61
2013-11-13;1.0;8.8;12;0.0;1;0
2013-11-14;5.0;6.9375;9;21.0;5;21
2013-11-15;7.0;6.45;6;21.0;7;21
2013-11-16;8.0;8.875;12;;8;49
2013-11-17;2.0;8.8875;8;0.0;2;0
2013-11-18;7.0;6.65;5;63.0;7;63
2013-11-19;8.0;5.8375;8;61.0;8;61
2013-11-20;6.0;3.85;6;;6;27
2013-11-21;2.0;3.275;8;10.0;2;10
2013-11-22;7.0;5.375;10;21.0;7;21
2013-11-23;3.0;4.9125;6;;3;33
2013-11-24;0.0;4.6;16;;0;14
2013-11-25;0.0;3.7;10;;0;8
2013-11-26;2.0;2.3125;6;;2;23
2013-11-27;8.0;7.3125;12;61.0;8;61
2013-11-28;2.0;8.025;18;;2;22
2013-11-29;8.0;5.9875;11;63.0;8;63
2013-11-30;7.0;5.525;10;20.0;7;20
2013-12-01;5.0;8.6625;20;61.0;5;61
2013-12-02;0.0;3.0625;4;10.0;0;10
2013-12-03;8.0;1.7125;6;28.0;8;28
2013-12-04;7.0;5.85;11;63.0;7;63
2013-12-05;7.0;4.4625;24;63.0;7;63
2013-12-06;6.0;1.7875;25;73.0;6;73
2013-12-07;5.0;1.0;11;22.0;5;22
2013-12-08;8.0;6.975;16;63.0;8;63
2013-12-09;7.0;9.2375;10;45.0;7;45
2013-12-10;7.0;7.1875;8;61.0;7;61
2013-12-11;7.0;5.025;9;10.0;7;10
2013-12-12;8.0;2.525;8;28.0;8;28
2013-12-13;7.0;3.5375;6;61.0;7;61
2013-12-14;7.0;3.0125;7;61.0;7;61
2013-12-15;8.0;7.925;12;61.0;8;61
2013-12-16;8.0;8.775;12;;8;49
2013-12-17;8.0;4.95;8;61.0;8;61
2013-12-18;7.0;6.85;8;10.0;7;10
2013-12-19;7.0;7.4;10;63.0;7;63
2013-12-20;7.0;5.2875;10;61.0;7;61
2013-12-21;8.0;6.5625;13;63.0;8;63
2013-12-22;7.0;8.1375;12;61.0;7;61
2013-12-23;3.0;5.4875;10;;3;23
2013-12-24;7.0;11.4375;18;61.0;7;61
2013-12-25;6.0;8.5625;13;21.0;6;21
2013-12-26;6.0;3.775;6;28.0;6;28
2013-12-27;7.0;5.7625;15;63.0;7;63
2013-12-28;7.0;7.0625;9;21.0;7;21
2013-12-29;7.0;5.7125;9;63.0;7;63
2013-12-30;4.0;4.75;11;10.0;4;10
2013-12-31;4.0;5.0375;7;;4;39
2014-01-01;5.0;4.5125;8;63.0;5;63
2014-01-02;7.0;6.25;9;63.0;7;63
2014-01-03;7.0;6.8375;10;63.0;7;63
2014-01-04;5.0;6.9375;11;;5;25
2014-01-05;7.0;6.1875;11;63.0;7;63
2014-01-06;7.0;7.9125;11;65.0;7;65
2014-01-07;7.0;10.4375;13;;7;21
2014-01-08;7.0;8.6375;15;63.0;7;63
2014-01-09;7.0;9.6125;16;61.0;7;61
2014-01-10;7.0;6.6375;17;61.0;7;61
2014-01-11;7.0;5.5875;18;63.0;7;63
2014-01-12;2.0;5.525;16;21.0;2;21
2014-01-13;8.0;3.1375;10;69.0;8;69
2014-01-14;6.0;4.225;6;28.0;6;28
2014-01-15;7.0;3.228571;7;28.0;7;28
2014-01-16;8.0;2.7375;9;63.0;8;63
2014-01-17;7.0;6.7375;4;61.0;7;61
2014-01-18;7.0;5.8875;8;61.0;7;61
2014-01-19;7.0;2.8625;19;10.0;7;10
2014-01-20;8.0;0.3875;13;61.0;8;61
2014-01-21;7.0;-0.65;7;77.0;7;77
2014-01-22;8.0;-3.1125;14;22.0;8;22
2014-01-23;8.0;-3.1875;11;22.0;8;22
2014-01-24;2.0;-5.1625;13;10.0;2;10
2014-01-25;5.0;-7.0375;8;;5;66
2014-01-26;1.0;-8.475;10;10.0;1;10
2014-01-27;5.0;0.7;9;69.0;5;69
2014-01-28;7.0;-0.2625;10;10.0;7;10
2014-01-29;7.0;-5.05;13;77.0;7;77
2014-01-30;7.0;-4.4875;8;77.0;7;77
2014-01-31;8.0;-3.6875;7;10.0;8;10
2014-02-01;7.0;3.225;10;63.0;7;63
2014-02-02;0.0;5.4875;8;;0;5
2014-02-03;1.0;3.475;8;10.0;1;10
2014-02-04;5.0;3.925;6;10.0;5;10
2014-02-05;4.0;3.675;8;10.0;4;10
2014-02-06;7.0;7.875;11;20.0;7;20
2014-02-07;7.0;8.475;15;63.0;7;63
2014-02-08;7.0;6.2875;12;61.0;7;61
2014-02-09;5.0;6.7125;15;63.0;5;63
2014-02-10;2.0;6.6375;9;;2;19
2014-02-11;7.0;4.925;12;61.0;7;61
2014-02-12;4.0;6.1;13;10.0;4;10
2014-02-13;5.0;7.45;13;;5;40
2014-02-14;5.0;5.2125;9;10.0;5;10
2014-02-15;5.0;11.5;15;;5;46
2014-02-16;7.0;6.0625;17;63.0;7;63
2014-02-17;0.0;6.6875;9;;0;3
2014-02-18;7.0;7.8;8;10.0;7;10
2014-02-19;7.0;6.325;8;61.0;7;61
2014-02-20;6.0;9.1;11;10.0;6;10
2014-02-21;7.0;7.5125;11;61.0;7;61
2014-02-22;7.0;5.925;11;21.0;7;21
2014-02-23;1.0;8.625;12;;1;4
2014-02-24;1.0;9.4125;11;;1;3
2014-02-25;1.0;10.475;7;;1;2
2014-02-26;5.0;10.1875;8;;5;27
2014-02-27;1.0;8.8875;7;10.0;1;10
2014-02-28;7.0;6.1875;6;61.0;7;61
2014-03-01;2.0;5.075;9;10.0;2;10
2014-03-02;6.0;6.5625;9;10.0;6;10
2014-03-03;0.0;9.1875;10;5.0;0;5
2014-03-04;7.0;6.6875;7;10.0;7;10
2014-03-05;7.0;4.6875;7;28.0;7;28
2014-03-06;3.0;8.925;9;10.0;3;10
2014-03-07;6.0;11.275;10;5.0;6;5
2014-03-08;0.0;9.9375;6;;0;3
2014-03-09;0.0;16.4;9;;0;1
2014-03-10;0.0;15.8;9;;0;3
2014-03-11;0.0;7.85;9;;0;5
2014-03-12;0.0;10.2125;8;0.0;0;0
2014-03-13;0.0;13.375;10;;0;6
2014-03-14;1.0;9.6125;10;;1;7
2014-03-15;4.0;9.0375;27;;4;46
2014-03-16;7.0;9.3375;24;61.0;7;61
2014-03-17;7.0;9.5875;18;61.0;7;61
2014-03-18;7.0;9.6875;16;21.0;7;21
2014-03-19;7.0;9.45;18;61.0;7;61
2014-03-20;0.0;16.2625;13;;0;26
2014-03-21;7.0;6.8875;14;63.0;7;63
2014-03-22;5.0;8.85;11;63.0;5;63
2014-03-23;4.0;8.3625;10;;4;18
2014-03-24;3.0;7.5625;7;;3;8
2014-03-25;2.0;7.725;10;21.0;2;21
2014-03-26;5.0;7.85;11;21.0;5;21
2014-03-27;6.0;5.1;12;;6;45
2014-03-28;8.0;5.4;12;10.0;8;10
2014-03-29;3.0;9.375;8;10.0;3;10
2014-03-30;0.0;11.2625;8;28.0;0;28
2014-03-31;7.0;7.4375;4;45.0;7;45
2014-04-01;8.0;5.7625;13;10.0;8;10
2014-04-02;2.0;12.45;8;10.0;2;10
2014-04-03;3.0;7.6125;15;10.0;3;10
2014-04-04;6.0;6.45;15;0.0;6;0
2014-04-05;8.0;9.825;5;61.0;8;61
2014-04-06;7.0;12.1875;8;63.0;7;63
2014-04-07;7.0;15.7875;10;63.0;7;63
2014-04-08;7.0;9.8125;19;61.0;7;61
2014-04-09;7.0;10.1875;20;21.0;7;21
2014-04-10;7.0;9.75;4;;7;37
2014-04-11;6.0;12.0625;10;;6;55
2014-04-12;4.0;11.2;12;0.0;4;0
2014-04-13;6.0;11.0125;21;;6;45
2014-04-14;5.0;8.9;23;61.0;5;61
2014-04-15;0.0;9.9125;15;;0;4
2014-04-16;0.0;11.3625;9;;0;9
2014-04-17;5.0;14.4;14;;5;66
2014-04-18;7.0;8.2375;11;61.0;7;61
2014-04-19;1.0;11.125;13;5.0;1;5
2014-04-20;0.0;13.875;15;5.0;0;5
2014-04-21;4.0;13.425;15;0.0;4;0
2014-04-22;3.0;15.45;10;10.0;3;10
2014-04-23;8.0;9.825;11;21.0;8;21
2014-04-24;8.0;9.175;11;;8;45
2014-04-25;0.0;13.5625;12;;0;6
2014-04-26;0.0;15.45;11;;0;15
2014-04-27;0.0;16.225;16;;0;4
2014-04-28;0.0;15.8875;11;;0;4
2014-04-29;0.0;18.0875;8;0.0;0;0
2014-04-30;3.0;18.0;8;;3;12
2014-05-01;4.0;10.4875;14;;4;22
2014-05-02;6.0;10.225;13;;6;29
2014-05-03;3.0;11.8625;13;;3;22
2014-05-04;7.0;9.6;11;;7;53
2014-05-05;8.0;10.7125;6;21.0;8;21
2014-05-06;7.0;15.775;9;;7;51
2014-05-07;4.0;14.2125;15;65.0;4;65
2014-05-08;7.0;12.45;10;63.0;7;63
2014-05-09;6.0;12.3875;10;61.0;6;61
2014-05-10;7.0;13.275;12;61.0;7;61
2014-05-11;7.0;11.5625;12;63.0;7;63
2014-05-12;7.0;12.7;14;63.0;7;63
2014-05-13;7.0;11.5625;15;21.0;7;21
2014-05-14;7.0;11.5625;16;;7;46
2014-05-15;2.0;13.7875;8;;2;18
2014-05-16;5.0;13.8875;9;;5;37
2014-05-17;0.0;16.625;8;0.0;0;0
2014-05-18;4.0;16.5125;13;;4;22
2014-05-19;6.0;13.7625;8;61.0;6;61
2014-05-20;0.0;20.725;12;;0;3
2014-05-21;2.0;26.8625;8;;2;3
2014-05-22;0.0;26.375;8;;0;1
2014-05-23;7.0;18.0125;12;65.0;7;65
2014-05-24;2.0;17.9625;8;;2;0
2014-05-25;2.0;20.4625;11;;2;6
2014-05-26;0.0;19.9625;13;;0;2
2014-05-27;7.0;12.8875;21;21.0;7;21
2014-05-28;7.0;10.2;22;21.0;7;21
2014-05-29;4.0;12.7;14;;4;23
2014-05-30;0.0;17.9625;13;;0;3
2014-05-31;3.0;15.9125;15;;3;29
2014-06-01;7.0;13.825;6;21.0;7;21
2014-06-02;0.0;17.625;9;;0;1
2014-06-03;1.0;20.0;9;;1;3
2014-06-04;1.0;21.4875;14;;1;15
2014-06-05;5.0;15.0375;18;65.0;5;65
2014-06-06;3.0;19.3125;12;;3;31
2014-06-07;0.0;17.9625;8;;0;2
2014-06-08;6.0;22.1;12;21.0;6;21
2014-06-09;0.0;20.6625;10;;0;3
2014-06-10;1.0;25.7875;9;;1;1
2014-06-11;7.0;20.5;8;61.0;7;61
2014-06-12;4.0;19.55;12;;4;44
2014-06-13;7.0;17.45;18;21.0;7;21
2014-06-14;1.0;18.9125;13;;1;2
2014-06-15;0.0;19.275;8;;0;3
2014-06-16;6.0;18.3125;10;0.0;6;0
2014-06-17;1.0;20.375;7;;1;2
2014-06-18;3.0;19.3;13;;3;18
2014-06-19;7.0;15.2875;19;21.0;7;21
2014-06-20;7.0;15.9875;16;;7;57
2014-06-21;6.0;15.5125;18;61.0;6;61
2014-06-22;5.0;15.7;19;;5;43
2014-06-23;4.0;16.5;17;;4;48
2014-06-24;7.0;14.3625;7;21.0;7;21
2014-06-25;0.0;18.4375;10;;0;3
2014-06-26;6.0;17.575;8;63.0;6;63
2014-06-27;4.0;20.1625;7;95.0;4;95
2014-06-28;6.0;16.9625;6;95.0;6;95
2014-06-29;7.0;17.3125;8;61.0;7;61
2014-06-30;3.0;18.3375;12;;3;17
2014-07-01;6.0;15.6875;14;61.0;6;61
2014-07-02;6.0;17.1125;15;;6;45
2014-07-03;7.0;20.4;9;;7;61
2014-07-04;0.0;26.9375;10;;0;1
2014-07-05;6.0;24.5875;10;65.0;6;65
2014-07-06;5.0;25.2375;6;;5;59
2014-07-07;5.0;20.8;10;;5;68
2014-07-08;7.0;19.6;15;63.0;7;63
2014-07-09;0.0;24.65;24;5.0;0;5
2014-07-10;0.0;24.757142;18;0.0;0;0
2014-07-11;1.0;22.9375;18;;1;3
2014-07-12;0.0;20.375;12;;0;4
2014-07-13;7.0;18.6;10;61.0;7;61
2014-07-14;7.0;19.45;15;63.0;7;63
2014-07-15;6.0;22.2625;9;;6;60
2014-07-16;6.0;19.4125;7;;6;41
2014-07-17;4.0;22.7625;7;;4;25
2014-07-18;1.0;26.05;10;;1;0
2014-07-19;0.0;28.0625;13;;0;15
2014-07-20;3.0;24.3125;15;;3;14
2014-07-21;0.0;23.4875;19;5.0;0;5
2014-07-22;0.0;24.9875;14;;0;4
2014-07-23;0.0;25.0;14;;0;4
2014-07-24;0.0;24.8375;11;;0;4
2014-07-25;0.0;26.325;18;;0;4
2014-07-26;6.0;22.375;10;21.0;6;21
2014-07-27;3.0;25.55;12;21.0;3;21
2014-07-28;0.0;24.7625;7;;0;1
2014-07-29;0.0;25.35;10;;0;1
2014-07-30;6.0;22.925;12;;6;29
2014-07-31;3.0;22.4375;12;21.0;3;21
2014-08-01;1.0;26.725;8;;1;3
2014-08-02;2.0;26.0875;12;;2;17
2014-08-03;5.0;23.0875;9;63.0;5;63
2014-08-04;6.0;22.5125;8;;6;48
2014-08-05;5.0;23.0875;10;;5;69
2014-08-06;0.0;22.825;10;;0;3
2014-08-07;7.0;20.3125;6;61.0;7;61
2014-08-08;3.0;22.725;8;;3;25
2014-08-09;6.0;20.1;17;61.0;6;61
2014-08-10;6.0;23.1;12;;6;29
2014-08-11;4.0;20.075;13;21.0;4;21
2014-08-12;5.0;16.9125;12;95.0;5;95
2014-08-13;2.0;20.9375;10;;2;24
2014-08-14;7.0;18.05;10;65.0;7;65
2014-08-15;6.0;18.3625;8;61.0;6;61
2014-08-16;6.0;17.2;15;61.0;6;61
2014-08-17;7.0;15.65;13;61.0;7;61
2014-08-18;6.0;15.2;15;61.0;6;61
2014-08-19;6.0;14.0875;12;61.0;6;61
2014-08-20;5.0;15.675;17;21.0;5;21
2014-08-21;5.0;16.2625;11;21.0;5;21
2014-08-22;7.0;16.325;12;61.0;7;61
2014-08-23;4.0;15.9875;11;21.0;4;21
2014-08-24;3.0;16.3125;20;21.0;3;21
2014-08-25;5.0;14.7875;13;65.0;5;65
2014-08-26;3.0;17.325;7;;3;14
2014-08-27;1.0;19.875;9;;1;3
2014-08-28;0.0;19.75;9;0.0;0;0
2014-08-29;5.0;19.125;12;63.0;5;63
2014-08-30;7.0;17.75;9;61.0;7;61
2014-08-31;7.0;16.375;8;21.0;7;21
2014-09-01;7.0;17.875;12;61.0;7;61
2014-09-02;2.0;18.375;13;;2;17
2014-09-03;2.0;18.75;13;;2;17
2014-09-04;0.0;20.0;15;;0;4
2014-09-05;2.0;21.375;10;;2;5
2014-09-06;2.0;24.0;5;;2;8
2014-09-07;5.0;20.0;6;21.0;5;21
2014-09-08;4.0;17.375;12;21.0;4;21
2014-09-09;6.0;17.125;16;63.0;6;63
2014-09-10;2.0;18.625;12;;2;6
2014-09-11;4.0;17.375;13;;4;30
2014-09-12;1.0;18.25;11;;1;6
2014-09-13;7.0;17.0;12;;7;43
2014-09-14;7.0;17.625;14;61.0;7;61
2014-09-15;2.0;19.75;13;;2;9
2014-09-16;0.0;20.125;13;;0;2
2014-09-17;1.0;19.875;18;;1;3
2014-09-18;0.0;20.5;13;;0;2
2014-09-19;0.0;20.75;9;5.0;0;5
2014-09-20;3.0;19.375;7;10.0;3;10
2014-09-21;4.0;17.0;15;21.0;4;21
2014-09-22;6.0;13.0;17;21.0;6;21
2014-09-23;4.0;14.75;6;;4;25
2014-09-24;7.0;15.375;10;63.0;7;63
2014-09-25;7.0;14.5;17;61.0;7;61
2014-09-26;7.0;16.75;13;61.0;7;61
2014-09-27;2.0;16.375;14;;2;19
2014-09-28;4.0;18.5;7;;4;2
2014-09-29;6.0;18.125;6;;6;42
2014-09-30;7.0;16.5;5;61.0;7;61
2014-10-01;6.0;17.75;6;10.0;6;10
2014-10-02;6.0;18.0;6;;6;42
2014-10-03;3.0;20.0;6;10.0;3;10
2014-10-04;0.0;18.5;8;5.0;0;5
2014-10-05;1.0;16.25;7;;1;2
2014-10-06;2.0;15.75;15;10.0;2;10
2014-10-07;7.0;13.0;10;65.0;7;65
2014-10-08;6.0;14.125;10;61.0;6;61
2014-10-09;5.0;17.875;10;;5;17
2014-10-10;4.0;16.375;10;;4;29
2014-10-11;3.0;17.0;5;;3;8
2014-10-12;5.0;15.125;7;20.0;5;20
2014-10-13;7.0;12.625;12;63.0;7;63
2014-10-14;6.0;14.0;5;61.0;6;61
2014-10-15;7.0;13.875;6;21.0;7;21
2014-10-16;7.0;13.5;6;61.0;7;61
2014-10-17;7.0;14.375;10;65.0;7;65
2014-10-18;7.0;15.25;7;21.0;7;21
2014-10-19;7.0;17.375;13;95.0;7;95
2014-10-20;6.0;14.625;18;61.0;6;61
2014-10-21;7.0;12.5;9;63.0;7;63
2014-10-22;6.0;13.0;12;0.0;6;0
2014-10-23;6.0;13.125;7;0.0;6;0
2014-10-24;7.0;13.5;9;;7;54
2014-10-25;7.0;12.125;7;61.0;7;61
2014-10-26;5.0;12.75;9;0.0;5;0
2014-10-27;2.0;14.5;9;;2;5
2014-10-28;0.0;13.875;8;;0;4
2014-10-29;7.0;8.375;7;20.0;7;20
2014-10-30;2.0;10.625;5;10.0;2;10
2014-10-31;8.0;12.875;5;10.0;8;10
2014-11-01;2.0;16.5;8;0.0;2;0
2014-11-02;3.0;15.375;10;21.0;3;21
2014-11-03;4.0;13.75;12;0.0;4;0
2014-11-04;7.0;11.625;8;61.0;7;61
2014-11-05;7.0;9.5;11;61.0;7;61
2014-11-06;5.0;8.875;10;0.0;5;0
2014-11-07;0.0;8.625;9;10.0;0;10
2014-11-08;6.0;10.25;8;;6;41
2014-11-09;3.0;10.625;8;;3;5
2014-11-10;6.0;8.75;7;61.0;6;61
2014-11-11;2.0;8.625;7;10.0;2;10
2014-11-12;7.0;9.75;10;10.0;7;10
2014-11-13;7.0;10.75;4;28.0;7;28
2014-11-14;7.0;10.75;10;10.0;7;10
2014-11-15;8.0;9.25;14;10.0;8;10
2014-11-16;7.0;8.0;14;61.0;7;61
2014-11-17;7.0;9.625;7;10.0;7;10
2014-11-18;7.0;8.875;13;61.0;7;61
2014-11-19;7.0;8.5;11;61.0;7;61
2014-11-20;5.0;6.125;7;0.0;5;0
2014-11-21;6.0;6.5;5;61.0;6;61
2014-11-22;7.0;5.75;9;61.0;7;61
2014-11-23;6.0;6.75;7;21.0;6;21
2014-11-24;3.0;9.375;10;0.0;3;0
2014-11-25;0.0;6.875;4;0.0;0;0
2014-11-26;3.0;5.625;8;;3;12
2014-11-27;0.0;4.5;10;10.0;0;10
2014-11-28;6.0;1.625;16;10.0;6;10
2014-11-29;8.0;1.0;10;5.0;8;5
2014-11-30;8.0;0.0;11;10.0;8;10
2014-12-01;7.0;-2.0;13;10.0;7;10
2014-12-02;8.0;-3.0;7;10.0;8;10
2014-12-03;7.0;0.625;10;10.0;7;10
2014-12-04;8.0;3.75;9;61.0;8;61
2014-12-05;7.0;2.0;7;61.0;7;61
2014-12-06;2.0;5.75;7;10.0;2;10
2014-12-07;7.0;4.875;12;61.0;7;61
2014-12-08;7.0;3.25;8;61.0;7;61
2014-12-09;8.0;2.125;9;45.0;8;45
2014-12-10;5.0;4.875;13;61.0;5;61
2014-12-11;7.0;4.0;12;95.0;7;95
2014-12-12;7.0;7.25;18;61.0;7;61
2014-12-13;5.0;4.75;10;61.0;5;61
2014-12-14;4.0;3.5;9;10.0;4;10
2014-12-15;7.0;4.75;11;61.0;7;61
2014-12-16;8.0;4.625;12;61.0;8;61
2014-12-17;7.0;3.625;10;61.0;7;61
2014-12-18;7.0;10.0;11;61.0;7;61
2014-12-19;5.0;8.125;15;61.0;5;61
2014-12-20;6.0;5.375;24;21.0;6;21
2014-12-21;6.0;6.625;14;21.0;6;21
2014-12-22;7.0;9.75;21;63.0;7;63
2014-12-23;7.0;9.125;19;61.0;7;61
2014-12-24;5.0;7.75;21;61.0;5;61
2014-12-25;7.0;3.125;17;71.0;7;71
2014-12-26;6.0;0.0;6;22.0;6;22
2014-12-27;3.0;-0.25;8;;3;15
2014-12-28;1.0;-0.5;7;0.0;1;0
2014-12-29;5.0;0.75;10;0.0;5;0
2014-12-30;7.0;5.25;9;21.0;7;21
2014-12-31;6.0;7.375;11;61.0;6;61
2015-01-01;8.0;4.125;13;10.0;8;10
2015-01-02;6.0;7.75;24;61.0;6;61
2015-01-03;7.0;4.875;25;69.0;7;69
2015-01-04;0.0;4.75;15;;0;11
2015-01-05;8.0;5.875;8;20.0;8;20
2015-01-06;8.0;3.625;8;10.0;8;10
2015-01-07;6.0;5.75;10;61.0;6;61
2015-01-08;8.0;6.375;9;61.0;8;61
2015-01-09;6.0;7.5;25;63.0;6;63
2015-01-10;6.0;10.0;28;61.0;6;61
2015-01-11;5.0;4.25;23;61.0;5;61
2015-01-12;7.0;7.5;19;61.0;7;61
2015-01-13;7.0;7.75;14;61.0;7;61
2015-01-14;6.0;3.125;16;71.0;6;71
2015-01-15;7.0;6.75;14;61.0;7;61
2015-01-16;6.0;6.75;13;0.0;6;0
2015-01-17;1.0;4.25;12;21.0;1;21
2015-01-18;8.0;2.0;9;61.0;8;61
2015-01-19;7.0;1.0;5;71.0;7;71
2015-01-20;7.0;-0.375;4;77.0;7;77
2015-01-21;8.0;-1.125;4;10.0;8;10
2015-01-22;7.0;-1.375;3;49.0;7;49
2015-01-23;8.0;-1.25;5;20.0;8;20
2015-01-24;7.0;-0.5;10;71.0;7;71
2015-01-25;6.0;2.875;6;;6;41
2015-01-26;7.0;3.375;10;61.0;7;61
2015-01-27;2.0;4.875;13;;2;11
2015-01-28;7.0;4.875;17;61.0;7;61
2015-01-29;7.0;1.5;12;75.0;7;75
2015-01-30;7.0;1.125;6;;7;41
2015-01-31;7.0;-2.375;7;49.0;7;49
2015-02-01;7.0;-0.25;9;75.0;7;75
2015-02-02;6.0;1.0;10;22.0;6;22
2015-02-03;7.0;-1.0;10;77.0;7;77
2015-02-04;6.0;-1.875;9;0.0;6;0
2015-02-05;5.0;0.75;10;22.0;5;22
2015-02-06;2.0;-0.5;6;22.0;2;22
2015-02-07;7.0;4.125;18;20.0;7;20
2015-02-08;1.0;3.375;14;;1;26
2015-02-09;7.0;6.875;13;61.0;7;61
2015-02-10;7.0;7.625;11;;7;54
2015-02-11;8.0;4.0;5;;8;32
2015-02-12;8.0;2.0;4;10.0;8;10
2015-02-13;8.0;1.25;6;10.0;8;10
2015-02-14;7.0;1.625;9;28.0;7;28
2015-02-15;7.0;3.125;16;10.0;7;10
2015-02-16;8.0;2.0;9;10.0;8;10
2015-02-17;6.0;1.125;7;45.0;6;45
2015-02-18;3.0;5.5;12;10.0;3;10
2015-02-19;0.0;6.25;13;5.0;0;5
2015-02-20;8.0;3.875;11;71.0;8;71
2015-02-21;7.0;3.875;16;61.0;7;61
2015-02-22;5.0;5.25;13;0.0;5;0
2015-02-23;7.0;4.5;12;61.0;7;61
2015-02-24;7.0;5.625;12;61.0;7;61
2015-02-25;5.0;5.875;10;;5;41
2015-02-26;5.0;6.625;10;0.0;5;0
2015-02-27;7.0;4.5;9;61.0;7;61
2015-02-28;3.0;5.625;10;0.0;3;0
2015-03-01;7.0;6.75;15;61.0;7;61
2015-03-02;6.0;5.125;23;61.0;6;61
2015-03-03;6.0;5.0;14;61.0;6;61
2015-03-04;6.0;5.0;18;61.0;6;61
2015-03-05;7.0;6.625;14;;7;49
2015-03-06;7.0;8.125;12;20.0;7;20
2015-03-07;7.0;10.125;13;0.0;7;0
2015-03-08;0.0;14.0;12;;0;16
2015-03-09;4.0;8.375;6;;4;16
2015-03-10;3.0;9.5;13;10.0;3;10
2015-03-11;0.0;9.125;12;;0;3
2015-03-12;0.0;7.125;10;0.0;0;0
2015-03-13;6.0;4.875;15;;6;53
2015-03-14;7.0;5.125;15;;7;62
2015-03-15;7.0;5.75;13;21.0;7;21
2015-03-16;2.0;8.625;13;10.0;2;10
2015-03-17;1.0;10.75;11;5.0;1;5
2015-03-18;4.0;10.625;8;;4;28
2015-03-19;0.0;10.375;9;0.0;0;0
2015-03-20;7.0;5.0;9;45.0;7;45
2015-03-21;7.0;4.5;21;61.0;7;61
2015-03-22;0.0;4.375;8;;0;6
2015-03-23;0.0;7.75;12;;0;3
2015-03-24;6.0;7.875;6;0.0;6;0
2015-03-25;6.0;7.875;14;5.0;6;5
2015-03-26;7.0;7.125;9;0.0;7;0
2015-03-27;7.0;7.0;7;61.0;7;61
2015-03-28;7.0;8.5;10;;7;50
2015-03-29;7.0;8.25;12;61.0;7;61
2015-03-30;6.0;6.5;29;61.0;6;61
2015-03-31;7.0;6.375;35;61.0;7;61
2015-04-01;4.0;5.0;24;22.0;4;22
2015-04-02;6.0;6.5;19;61.0;6;61
2015-04-03;5.0;7.375;14;;5;54
2015-04-04;0.0;8.375;11;;0;2
2015-04-05;3.0;8.625;11;;3;21
2015-04-06;0.0;7.75;10;;0;4
2015-04-07;7.0;7.75;14;61.0;7;61
2015-04-08;2.0;12.0;11;;2;4
2015-04-09;2.0;11.875;7;0.0;2;0
2015-04-10;1.0;14.125;8;5.0;1;5
2015-04-11;2.0;16.75;14;61.0;2;61
2015-04-12;5.0;12.375;16;;5;23
2015-04-13;4.0;8.875;21;61.0;4;61
2015-04-14;7.0;10.75;17;61.0;7;61
2015-04-15;0.0;15.5;19;5.0;0;5
2015-04-16;6.0;9.375;16;21.0;6;21
2015-04-17;0.0;10.5;15;;0;4
2015-04-18;0.0;10.875;8;;0;7
2015-04-19;0.0;10.125;11;;0;3
2015-04-20;0.0;14.25;9;;0;4
2015-04-21;0.0;14.625;17;5.0;0;5
2015-04-22;0.0;12.125;7;;0;1
2015-04-23;1.0;13.625;12;;1;16
2015-04-24;2.0;13.875;9;20.0;2;20
2015-04-25;7.0;13.75;8;63.0;7;63
2015-04-26;8.0;7.0;11;61.0;8;61
2015-04-27;4.0;10.125;11;;4;18
2015-04-28;3.0;10.25;13;;3;10
2015-04-29;5.0;12.625;12;;5;45
2015-04-30;6.0;11.375;10;61.0;6;61
2015-05-01;6.0;10.0;6;21.0;6;21
2015-05-02;3.0;11.0;12;0.0;3;0
2015-05-03;1.0;14.75;12;61.0;1;61
2015-05-04;5.0;15.875;13;21.0;5;21
2015-05-05;4.0;20.0;15;95.0;4;95
2015-05-06;3.0;17.125;11;21.0;3;21
2015-05-07;6.0;12.0;16;21.0;6;21
2015-05-08;2.0;11.5;11;;2;4
2015-05-09;7.0;13.5;14;61.0;7;61
2015-05-10;2.0;12.75;18;0.0;2;0
2015-05-11;0.0;19.75;11;;0;3
2015-05-12;7.0;14.625;14;63.0;7;63
2015-05-13;7.0;11.875;16;21.0;7;21
2015-05-14;7.0;11.25;10;20.0;7;20
2015-05-15;6.0;13.5;9;;6;53
2015-05-16;7.0;10.5;11;61.0;7;61
2015-05-17;3.0;12.625;17;21.0;3;21
2015-05-18;6.0;11.625;8;61.0;6;61
2015-05-19;6.0;10.125;11;63.0;6;63
2015-05-20;5.0;12.25;9;63.0;5;63
2015-05-21;6.0;12.625;10;61.0;6;61
2015-05-22;4.0;17.0;12;;4;44
2015-05-23;5.0;13.375;8;0.0;5;0
2015-05-24;2.0;14.375;8;;2;18
2015-05-25;7.0;11.75;10;61.0;7;61
2015-05-26;6.0;13.0;14;21.0;6;21
2015-05-27;7.0;12.625;13;61.0;7;61
2015-05-28;6.0;13.125;12;63.0;6;63
2015-05-29;6.0;14.625;8;61.0;6;61
2015-05-30;4.0;11.625;15;61.0;4;61
2015-05-31;7.0;14.5;10;61.0;7;61
2015-06-01;5.0;14.25;16;;5;47
2015-06-02;7.0;14.25;14;61.0;7;61
2015-06-03;6.0;15.25;18;21.0;6;21
2015-06-04;0.0;16.375;9;0.0;0;0
2015-06-05;0.0;22.625;9;;0;2
2015-06-06;3.0;18.5;19;10.0;3;10
2015-06-07;4.0;16.625;15;;4;45
2015-06-08;6.0;14.375;12;;6;54
2015-06-09;3.0;15.25;8;;3;23
2015-06-10;0.0;18.0;7;;0;4
2015-06-11;1.0;16.0;10;;1;7
2015-06-12;0.0;20.25;10;;0;3
2015-06-13;6.0;21.875;12;61.0;6;61
2015-06-14;7.0;14.375;12;;7;52
2015-06-15;8.0;13.625;11;21.0;8;21
2015-06-16;7.0;13.625;14;;7;53
2015-06-17;7.0;16.5;9;61.0;7;61
2015-06-18;7.0;13.25;13;61.0;7;61
2015-06-19;7.0;14.25;14;61.0;7;61
2015-06-20;5.0;17.125;13;;5;25
2015-06-21;6.0;15.75;6;;6;58
2015-06-22;5.0;13.5;8;61.0;5;61
2015-06-23;5.0;16.5;10;21.0;5;21
2015-06-24;8.0;12.625;14;61.0;8;61
2015-06-25;6.0;17.125;8;21.0;6;21
2015-06-26;7.0;19.25;5;61.0;7;61
2015-06-27;7.0;19.375;16;61.0;7;61
2015-06-28;2.0;19.875;10;;2;24
2015-06-29;3.0;21.5;12;;3;25
2015-06-30;3.0;20.25;9;;3;40
2015-07-01;0.0;23.125;13;;0;3
2015-07-02;0.0;27.375;12;;0;15
2015-07-03;1.0;25.625;10;;1;1
2015-07-04;0.0;26.5;10;;0;0
2015-07-05;4.0;25.25;9;21.0;4;21
2015-07-06;3.0;19.875;16;;3;27
2015-07-07;4.0;24.75;9;61.0;4;61
2015-07-08;6.0;16.625;16;63.0;6;63
2015-07-09;6.0;14.375;24;61.0;6;61
2015-07-10;3.0;16.125;18;21.0;3;21
2015-07-11;6.0;17.75;9;21.0;6;21
2015-07-12;7.0;19.25;12;61.0;7;61
2015-07-13;6.0;19.375;11;;6;68
2015-07-14;3.0;19.625;9;0.0;3;0
2015-07-15;3.0;20.125;14;;3;51
2015-07-16;4.0;18.75;7;;4;16
2015-07-17;4.0;23.25;12;21.0;4;21
2015-07-18;2.0;20.875;16;;2;10
2015-07-19;7.0;14.5;5;63.0;7;63
2015-07-20;6.0;18.375;12;20.0;6;20
2015-07-21;3.0;21.375;16;0.0;3;0
2015-07-22;2.0;23.75;12;0.0;2;0
2015-07-23;5.0;18.375;12;61.0;5;61
2015-07-24;7.0;19.375;10;;7;52
2015-07-25;6.0;20.0;10;95.0;6;95
2015-07-26;5.0;16.75;19;61.0;5;61
2015-07-27;7.0;15.875;8;61.0;7;61
2015-07-28;7.0;17.375;15;63.0;7;63
2015-07-29;5.0;14.875;12;61.0;5;61
2015-07-30;7.0;14.0;16;61.0;7;61
2015-07-31;7.0;15.875;15;;7;57
2015-08-01;0.0;17.625;12;;0;3
2015-08-02;0.0;21.5;8;;0;4
2015-08-03;0.0;26.0;7;;0;1
2015-08-04;2.0;26.5;15;61.0;2;61
2015-08-05;2.0;21.75;8;21.0;2;21
2015-08-06;1.0;27.625;6;;1;27
2015-08-07;4.0;20.0;9;63.0;4;63
2015-08-08;6.0;19.125;10;;6;40
2015-08-09;0.0;21.0;10;;0;2
2015-08-10;3.0;22.5;8;21.0;3;21
2015-08-11;4.0;22.125;7;;4;40
2015-08-12;5.0;19.125;9;21.0;5;21
2015-08-13;0.0;20.75;13;0.0;0;0
2015-08-14;4.0;24.0;14;;4;17
2015-08-15;7.0;20.875;8;61.0;7;61
2015-08-16;6.0;21.5;10;0.0;6;0
2015-08-17;7.0;19.375;14;61.0;7;61
2015-08-18;7.0;19.25;13;21.0;7;21
2015-08-19;3.0;19.625;8;5.0;3;5
2015-08-20;1.0;20.375;8;10.0;1;10
2015-08-21;1.0;22.875;7;0.0;1;0
2015-08-22;0.0;23.5;12;;0;3
2015-08-23;0.0;21.625;18;0.0;0;0
2015-08-24;6.0;20.75;8;;6;25
2015-08-25;6.0;17.75;12;21.0;6;21
2015-08-26;5.0;22.125;9;;5;69
2015-08-27;6.0;18.125;12;61.0;6;61
2015-08-28;2.0;19.625;11;20.0;2;20
2015-08-29;4.0;20.125;6;;4;33
2015-08-30;5.0;19.375;10;21.0;5;21
2015-08-31;3.0;21.875;8;65.0;3;65
2015-09-01;8.0;17.625;12;61.0;8;61
2015-09-02;5.0;17.0;13;21.0;5;21
2015-09-03;3.0;17.75;8;;3;6
2015-09-04;7.0;15.625;10;61.0;7;61
2015-09-05;5.0;14.125;20;61.0;5;61
2015-09-06;5.0;17.0;18;;5;41
2015-09-07;0.0;17.25;12;;0;3
2015-09-08;2.0;17.5;9;0.0;2;0
2015-09-09;1.0;16.875;10;;1;9
2015-09-10;1.0;17.625;14;;1;27
2015-09-11;7.0;15.0;12;61.0;7;61
2015-09-12;5.0;18.5;8;;5;51
2015-09-13;6.0;18.5;5;20.0;6;20
2015-09-14;7.0;17.625;6;63.0;7;63
2015-09-15;4.0;13.875;10;95.0;4;95
2015-09-16;7.0;15.25;6;61.0;7;61
2015-09-17;6.0;18.0;12;61.0;6;61
2015-09-18;5.0;17.25;10;0.0;5;0
2015-09-19;7.0;15.25;7;61.0;7;61
2015-09-20;3.0;15.625;15;21.0;3;21
2015-09-21;7.0;13.375;6;61.0;7;61
2015-09-22;7.0;14.25;7;61.0;7;61
2015-09-23;7.0;14.0;5;20.0;7;20
2015-09-24;3.0;16.0;11;0.0;3;0
2015-09-25;4.0;14.875;8;61.0;4;61
2015-09-26;4.0;15.25;7;21.0;4;21
2015-09-27;1.0;15.25;8;;1;4
2015-09-28;2.0;14.625;7;0.0;2;0
2015-09-29;2.0;15.625;9;0.0;2;0
2015-09-30;0.0;15.375;6;0.0;0;0
2015-10-01;1.0;14.75;9;0.0;1;0
2015-10-02;2.0;15.375;7;10.0;2;10
2015-10-03;2.0;14.375;9;0.0;2;0
2015-10-04;6.0;15.625;7;45.0;6;45
2015-10-05;0.0;16.5;5;10.0;0;10
2015-10-06;7.0;14.875;14;10.0;7;10
2015-10-07;8.0;13.0;7;63.0;8;63
2015-10-08;7.0;11.875;5;10.0;7;10
2015-10-09;7.0;11.125;7;21.0;7;21
2015-10-10;1.0;9.75;14;0.0;1;0
2015-10-11;0.0;10.25;13;5.0;0;5
2015-10-12;0.0;8.625;12;5.0;0;5
2015-10-13;7.0;7.75;10;61.0;7;61
2015-10-14;7.0;9.0;11;61.0;7;61
2015-10-15;7.0;10.375;16;61.0;7;61
2015-10-16;7.0;10.0;14;61.0;7;61
2015-10-17;7.0;10.75;9;61.0;7;61
2015-10-18;8.0;11.125;10;61.0;8;61
2015-10-19;6.0;9.25;7;0.0;6;0
2015-10-20;7.0;10.25;8;20.0;7;20
2015-10-21;7.0;11.25;7;;7;41
2015-10-22;7.0;12.25;10;61.0;7;61
2015-10-23;1.0;13.375;15;;1;7
2015-10-24;8.0;12.375;6;;8;41
2015-10-25;2.0;12.25;15;;2;6
2015-10-26;0.0;11.375;6;0.0;0;0
2015-10-27;0.0;10.75;10;;0;3
2015-10-28;1.0;11.25;10;5.0;1;5
2015-10-29;2.0;10.5;4;10.0;2;10
2015-10-30;7.0;11.375;5;10.0;7;10
2015-10-31;1.0;11.75;9;10.0;1;10
2015-11-01;4.0;10.75;6;10.0;4;10
2015-11-02;8.0;9.75;5;10.0;8;10
2015-11-03;7.0;5.125;4;45.0;7;45
2015-11-04;1.0;8.0;4;10.0;1;10
2015-11-05;6.0;13.375;5;61.0;6;61
2015-11-06;8.0;13.75;6;61.0;8;61
2015-11-07;7.0;14.625;9;61.0;7;61
2015-11-08;1.0;13.0;12;;1;4
2015-11-09;5.0;12.0;15;21.0;5;21
2015-11-10;7.0;15.0;18;61.0;7;61
2015-11-11;8.0;13.625;12;61.0;8;61
2015-11-12;2.0;13.125;17;0.0;2;0
2015-11-13;4.0;11.75;19;21.0;4;21
2015-11-14;4.0;8.125;14;21.0;4;21
2015-11-15;7.0;8.5;4;61.0;7;61
2015-11-16;7.0;12.25;12;53.0;7;53
2015-11-17;7.0;10.75;8;21.0;7;21
2015-11-18;6.0;10.75;19;21.0;6;21
2015-11-19;7.0;10.125;20;61.0;7;61
2015-11-20;7.0;7.75;9;61.0;7;61
2015-11-21;7.0;4.5;15;63.0;7;63
2015-11-22;7.0;2.25;18;73.0;7;73
2015-11-23;4.0;3.125;8;;4;18
2015-11-24;7.0;3.125;14;61.0;7;61
2015-11-25;7.0;5.125;7;61.0;7;61
2015-11-26;0.0;5.5;7;;0;6
2015-11-27;7.0;5.25;11;;7;53
2015-11-28;2.0;6.125;11;61.0;2;61
2015-11-29;7.0;8.25;15;63.0;7;63
2015-11-30;5.0;5.75;18;61.0;5;61
2015-12-01;6.0;6.75;10;21.0;6;21
2015-12-02;7.0;10.5;9;21.0;7;21
2015-12-03;8.0;9.125;8;61.0;8;61
2015-12-04;6.0;9.25;17;61.0;6;61
2015-12-05;6.0;9.0;14;61.0;6;61
2015-12-06;7.0;10.875;19;20.0;7;20
2015-12-07;6.0;8.25;3;;6;39
2015-12-08;0.0;10.75;8;0.0;0;0
2015-12-09;3.0;8.75;12;21.0;3;21
2015-12-10;7.0;6.625;13;21.0;7;21
2015-12-11;5.0;6.125;11;63.0;5;63
2015-12-12;3.0;6.875;10;61.0;3;61
2015-12-13;1.0;5.25;9;;1;8
2015-12-14;7.0;3.625;6;21.0;7;21
2015-12-15;7.0;5.5;8;61.0;7;61
2015-12-16;8.0;6.25;7;10.0;8;10
2015-12-17;7.0;11.875;9;53.0;7;53
2015-12-18;8.0;10.375;15;61.0;8;61
2015-12-19;6.0;11.375;10;0.0;6;0
2015-12-20;5.0;12.5;9;;5;33
2015-12-21;7.0;10.25;14;21.0;7;21
2015-12-22;7.0;11.25;17;61.0;7;61
2015-12-23;6.0;10.375;20;61.0;6;61
2015-12-24;3.0;8.375;11;61.0;3;61
2015-12-25;2.0;7.875;14;0.0;2;0
2015-12-26;7.0;12.75;18;63.0;7;63
2015-12-27;7.0;10.875;15;61.0;7;61
2015-12-28;8.0;4.75;11;;8;53
2015-12-29;7.0;5.125;11;;7;51
2015-12-30;8.0;5.25;9;0.0;8;0
2015-12-31;7.0;2.0;10;61.0;7;61
2016-01-01;7.0;4.5;6;28.0;7;28
2016-01-02;8.0;0.0;16;10.0;8;10
2016-01-03;7.0;-5.5;13;0.0;7;0
2016-01-04;5.0;-6.0;15;10.0;5;10
2016-01-05;1.0;-3.625;14;5.0;1;5
2016-01-06;0.0;-3.0;12;5.0;0;5
2016-01-07;7.0;-4.0;13;22.0;7;22
2016-01-08;7.0;1.75;20;61.0;7;61
2016-01-09;4.0;2.875;6;21.0;4;21
2016-01-10;7.0;2.125;8;63.0;7;63
2016-01-11;7.0;2.5;6;45.0;7;45
2016-01-12;7.0;4.0;8;63.0;7;63
2016-01-13;8.0;1.875;14;61.0;8;61
2016-01-14;6.0;1.75;6;10.0;6;10
2016-01-15;7.0;2.125;12;10.0;7;10
2016-01-16;7.0;0.5;5;10.0;7;10
2016-01-17;3.0;-1.375;9;;3;31
2016-01-18;6.0;-1.75;6;10.0;6;10
2016-01-19;7.0;-2.5;10;73.0;7;73
2016-01-20;7.0;-1.625;8;28.0;7;28
2016-01-21;4.0;-4.875;5;20.0;4;20
2016-01-22;1.0;-3.0;7;10.0;1;10
2016-01-23;6.0;3.125;6;49.0;6;49
2016-01-24;7.0;5.125;7;10.0;7;10
2016-01-25;8.0;9.0;9;45.0;8;45
2016-01-26;7.0;7.875;9;;7;33
2016-01-27;7.0;10.375;15;61.0;7;61
2016-01-28;5.0;6.75;16;21.0;5;21
2016-01-29;7.0;8.125;17;61.0;7;61
2016-01-30;7.0;6.625;17;65.0;7;65
2016-01-31;6.0;4.125;13;61.0;6;61
2016-02-01;7.0;7.875;21;61.0;7;61
2016-02-02;6.0;7.5;20;61.0;6;61
2016-02-03;6.0;4.75;15;61.0;6;61
2016-02-04;5.0;4.25;12;22.0;5;22
2016-02-05;7.0;4.5;10;61.0;7;61
2016-02-06;7.0;9.375;11;21.0;7;21
2016-02-07;6.0;9.75;12;21.0;6;21
2016-02-08;7.0;8.5;16;63.0;7;63
2016-02-09;5.0;6.75;15;61.0;5;61
2016-02-10;7.0;3.75;9;61.0;7;61
2016-02-11;7.0;5.25;7;61.0;7;61
2016-02-12;7.0;3.5;6;61.0;7;61
2016-02-13;6.0;2.0;8;20.0;6;20
2016-02-14;8.0;2.875;20;61.0;8;61
2016-02-15;8.0;0.75;14;;8;53
2016-02-16;0.0;2.125;5;;0;7
2016-02-17;1.0;1.75;10;0.0;1;0
2016-02-18;5.0;1.875;6;10.0;5;10
2016-02-19;7.0;3.25;6;61.0;7;61
2016-02-20;7.0;6.0;12;61.0;7;61
2016-02-21;7.0;6.875;12;61.0;7;61
2016-02-22;6.0;5.875;15;61.0;6;61
2016-02-23;4.0;6.125;17;61.0;4;61
2016-02-24;3.0;4.0;15;61.0;3;61
2016-02-25;6.0;3.5;10;53.0;6;53
2016-02-26;6.0;3.625;8;;6;55
2016-02-27;4.0;1.5;5;45.0;4;45
2016-02-28;1.0;3.5;6;0.0;1;0
2016-02-29;7.0;2.125;10;0.0;7;0
2016-03-01;5.0;2.25;8;;5;37
2016-03-02;7.0;5.0;16;63.0;7;63
2016-03-03;7.0;4.75;5;21.0;7;21
2016-03-04;2.0;3.875;9;10.0;2;10
2016-03-05;8.0;3.25;5;61.0;8;61
2016-03-06;7.0;4.5;11;10.0;7;10
2016-03-07;6.0;4.75;10;20.0;6;20
2016-03-08;6.0;5.0;10;61.0;6;61
2016-03-09;0.0;6.75;9;5.0;0;5
2016-03-10;8.0;4.375;11;10.0;8;10
2016-03-11;8.0;3.5;11;;8;53
2016-03-12;8.0;2.75;7;0.0;8;0
2016-03-13;8.0;0.875;8;10.0;8;10
2016-03-14;8.0;5.0;8;10.0;8;10
2016-03-15;5.0;5.75;12;61.0;5;61
2016-03-16;1.0;6.375;11;0.0;1;0
2016-03-17;0.0;9.25;12;0.0;0;0
2016-03-18;8.0;5.375;9;21.0;8;21
2016-03-19;7.0;6.0;15;45.0;7;45
2016-03-20;6.0;8.625;15;61.0;6;61
2016-03-21;7.0;7.5;19;61.0;7;61
2016-03-22;7.0;8.125;13;61.0;7;61
2016-03-23;1.0;9.125;13;;1;3
2016-03-24;7.0;7.375;10;21.0;7;21
2016-03-25;8.0;7.875;7;61.0;8;61
2016-03-26;1.0;9.75;9;0.0;1;0
2016-03-27;7.0;8.625;12;61.0;7;61
2016-03-28;6.0;11.625;18;61.0;6;61
2016-03-29;6.0;10.0;13;21.0;6;21
2016-03-30;5.0;8.5;15;61.0;5;61
2016-03-31;4.0;9.0;13;21.0;4;21
2016-04-01;0.0;9.125;7;;0;5
2016-04-02;3.0;12.75;8;;3;14
2016-04-03;7.0;15.5;5;21.0;7;21
2016-04-04;6.0;17.375;6;21.0;6;21
2016-04-05;7.0;10.0;7;61.0;7;61
2016-04-06;6.0;11.125;12;61.0;6;61
2016-04-07;6.0;8.625;13;21.0;6;21
2016-04-08;6.0;9.0;9;63.0;6;63
2016-04-09;4.0;10.125;11;0.0;4;0
2016-04-10;7.0;10.875;13;;7;29
2016-04-11;1.0;10.0;15;5.0;1;5
2016-04-12;6.0;8.0;9;61.0;6;61
2016-04-13;5.0;9.75;11;10.0;5;10
2016-04-14;6.0;10.0;8;0.0;6;0
2016-04-15;7.0;10.625;8;61.0;7;61
2016-04-16;6.0;12.75;15;53.0;6;53
2016-04-17;4.0;9.875;19;21.0;4;21
2016-04-18;7.0;9.625;16;21.0;7;21
2016-04-19;5.0;9.5;23;21.0;5;21
2016-04-20;2.0;10.5;17;;2;22
2016-04-21;2.0;11.625;16;;2;9
2016-04-22;5.0;10.5;12;;5;57
2016-04-23;3.0;8.875;17;21.0;3;21
2016-04-24;4.0;5.75;10;21.0;4;21
2016-04-25;8.0;4.625;10;61.0;8;61
2016-04-26;7.0;2.5;7;75.0;7;75
2016-04-27;7.0;4.875;8;61.0;7;61
2016-04-28;6.0;7.5;16;61.0;6;61
2016-04-29;6.0;9.75;13;61.0;6;61
2016-04-30;8.0;8.0;7;61.0;8;61
2016-05-01;0.0;10.75;9;;0;11
2016-05-02;1.0;17.875;6;;1;12
2016-05-03;6.0;11.375;15;61.0;6;61
2016-05-04;1.0;12.375;10;;1;5
2016-05-05;0.0;15.125;13;;0;15
2016-05-06;0.0;19.0;14;;0;4
2016-05-07;0.0;22.125;12;;0;4
2016-05-08;0.0;21.375;17;;0;4
2016-05-09;0.0;19.875;12;;0;3
2016-05-10;0.0;20.875;14;;0;4
2016-05-11;0.0;20.625;15;;0;4
2016-05-12;0.0;15.625;17;0.0;0;0
2016-05-13;2.0;17.5;16;65.0;2;65
2016-05-14;7.0;10.0;14;21.0;7;21
2016-05-15;6.0;9.75;12;61.0;6;61
2016-05-16;5.0;11.25;16;;5;41
2016-05-17;7.0;10.75;15;21.0;7;21
2016-05-18;5.0;16.75;7;;5;20
2016-05-19;2.0;19.5;10;0.0;2;0
2016-05-20;8.0;14.75;11;61.0;8;61
2016-05-21;6.0;19.375;9;21.0;6;21
2016-05-22;1.0;25.0;9;;1;1
2016-05-23;7.0;15.5;8;21.0;7;21
2016-05-24;8.0;14.25;10;21.0;8;21
2016-05-25;7.0;16.5;6;20.0;7;20
2016-05-26;7.0;14.375;6;61.0;7;61
2016-05-27;4.0;15.875;9;61.0;4;61
2016-05-28;2.0;18.625;11;;2;9
2016-05-29;6.0;17.0;13;21.0;6;21
2016-05-30;4.0;20.25;17;0.0;4;0
2016-05-31;1.0;20.625;13;0.0;1;0
2016-06-01;4.0;21.75;16;0.0;4;0
2016-06-02;1.0;21.5;13;;1;16
2016-06-03;0.0;21.875;10;;0;4
2016-06-04;0.0;24.5;7;;0;1
2016-06-05;0.0;25.25;9;;0;1
2016-06-06;1.0;22.875;15;;1;16
2016-06-07;1.0;25.375;8;;1;4
2016-06-08;4.0;18.875;13;;4;51
2016-06-09;1.0;19.5;16;;1;4
2016-06-10;3.0;18.125;13;;3;31
2016-06-11;0.0;17.375;12;;0;3
2016-06-12;7.0;13.875;7;61.0;7;61
2016-06-13;7.0;15.25;11;63.0;7;63
2016-06-14;7.0;16.5;8;61.0;7;61
2016-06-15;6.0;18.25;8;95.0;6;95
2016-06-16;6.0;18.25;7;63.0;6;63
2016-06-17;6.0;18.125;10;21.0;6;21
2016-06-18;6.0;18.0;12;21.0;6;21
2016-06-19;7.0;16.0;14;;7;61
2016-06-20;4.0;20.875;10;61.0;4;61
2016-06-21;4.0;19.875;9;;4;34
2016-06-22;5.0;22.125;9;61.0;5;61
2016-06-23;5.0;27.875;8;;5;43
2016-06-24;5.0;24.125;9;;5;61
2016-06-25;7.0;18.25;14;95.0;7;95
2016-06-26;5.0;19.25;11;0.0;5;0
2016-06-27;7.0;19.375;10;61.0;7;61
2016-06-28;4.0;18.375;11;21.0;4;21
2016-06-29;5.0;18.75;9;21.0;5;21
2016-06-30;7.0;18.25;9;61.0;7;61
2016-07-01;8.0;19.25;7;63.0;8;63
2016-07-02;7.0;15.625;12;61.0;7;61
2016-07-03;4.0;17.125;12;61.0;4;61
2016-07-04;6.0;17.25;10;61.0;6;61
2016-07-05;7.0;17.125;10;95.0;7;95
2016-07-06;5.0;16.5;22;21.0;5;21
2016-07-07;6.0;18.25;11;21.0;6;21
2016-07-08;6.0;19.125;8;63.0;6;63
2016-07-09;5.0;19.125;12;;5;41
2016-07-10;6.0;24.125;8;;6;52
2016-07-11;6.0;20.0;13;21.0;6;21
2016-07-12;4.0;19.125;14;95.0;4;95
2016-07-13;6.0;16.375;6;63.0;6;63
2016-07-14;7.0;16.375;12;53.0;7;53
2016-07-15;7.0;17.0;16;61.0;7;61
2016-07-16;7.0;18.0;10;61.0;7;61
2016-07-17;7.0;17.25;9;61.0;7;61
2016-07-18;7.0;18.5;15;21.0;7;21
2016-07-19;6.0;22.375;12;20.0;6;20
2016-07-20;0.0;26.0;9;;0;1
2016-07-21;3.0;25.875;8;;3;39
2016-07-22;3.0;26.0;6;21.0;3;21
2016-07-23;3.0;25.375;9;;3;39
2016-07-24;0.0;25.25;10;;0;1
2016-07-25;4.0;25.375;7;95.0;4;95
2016-07-26;3.0;21.875;9;20.0;3;20
2016-07-27;4.0;21.375;6;;4;58
2016-07-28;4.0;21.25;7;20.0;4;20
2016-07-29;6.0;21.0;10;65.0;6;65
2016-07-30;4.0;19.625;10;65.0;4;65
2016-07-31;7.0;17.375;6;61.0;7;61
2016-08-01;3.0;18.5;14;61.0;3;61
2016-08-02;4.0;19.75;7;20.0;4;20
2016-08-03;7.0;19.375;9;61.0;7;61
2016-08-04;6.0;20.375;11;61.0;6;61
2016-08-05;4.0;20.5;15;21.0;4;21
2016-08-06;5.0;17.5;14;95.0;5;95
2016-08-07;6.0;21.125;13;21.0;6;21
2016-08-08;5.0;19.0;18;21.0;5;21
2016-08-09;5.0;15.375;18;21.0;5;21
2016-08-10;4.0;14.5;15;95.0;4;95
2016-08-11;7.0;13.875;9;61.0;7;61
2016-08-12;7.0;18.25;12;61.0;7;61
2016-08-13;7.0;18.125;12;61.0;7;61
2016-08-14;6.0;18.125;12;21.0;6;21
2016-08-15;5.0;18.625;11;;5;29
2016-08-16;2.0;19.375;10;;2;24
2016-08-17;0.0;19.571428;8;;0;4
2016-08-18;3.0;18.25;9;;3;10
2016-08-19;3.0;20.375;8;;3;4
2016-08-20;7.0;20.25;9;61.0;7;61
2016-08-21;4.0;19.875;9;21.0;4;21
2016-08-22;7.0;18.375;10;65.0;7;65
2016-08-23;6.0;21.75;8;;6;56
2016-08-24;0.0;25.375;6;;0;0
2016-08-25;0.0;28.375;6;;0;5
2016-08-26;0.0;27.75;13;;0;15
2016-08-27;0.0;20.375;8;;0;4
2016-08-28;4.0;21.875;12;63.0;4;63
2016-08-29;3.0;18.5;15;21.0;3;21
2016-08-30;2.0;20.25;12;;2;10
2016-08-31;0.0;23.125;6;;0;0
2016-09-01;5.0;20.25;13;21.0;5;21
2016-09-02;4.0;19.125;8;61.0;4;61
2016-09-03;5.0;19.25;12;21.0;5;21
2016-09-04;6.0;19.25;8;61.0;6;61
2016-09-05;0.0;19.125;12;0.0;0;0
2016-09-06;2.0;21.75;6;;2;14
2016-09-07;0.0;23.625;6;;0;0
2016-09-08;0.0;25.625;7;;0;1
2016-09-09;2.0;21.375;10;0.0;2;0
2016-09-10;0.0;23.875;6;;0;0
2016-09-11;6.0;20.875;10;;6;48
2016-09-12;0.0;25.375;8;;0;1
2016-09-13;0.0;27.875;8;;0;1
2016-09-14;0.0;25.25;9;;0;1
2016-09-15;0.0;23.75;13;;0;2
2016-09-16;4.0;22.75;8;0.0;4;0
2016-09-17;5.0;18.875;14;;5;29
2016-09-18;7.0;16.75;15;21.0;7;21
2016-09-19;7.0;17.0;9;;7;61
2016-09-20;5.0;17.5;8;;5;50
2016-09-21;3.0;18.375;10;;3;13
2016-09-22;4.0;18.5;6;;4;0
2016-09-23;4.0;18.625;12;21.0;4;21
2016-09-24;0.0;18.625;6;;0;5
2016-09-25;0.0;21.375;8;;0;4
2016-09-26;4.0;18.25;6;0.0;4;0
2016-09-27;0.0;19.875;6;0.0;0;0
2016-09-28;6.0;19.125;19;;6;45
2016-09-29;7.0;17.375;13;61.0;7;61
2016-09-30;6.0;14.0;11;61.0;6;61
2016-10-01;3.0;15.875;6;;3;10
2016-10-02;3.0;15.75;7;21.0;3;21
2016-10-03;7.0;14.375;18;61.0;7;61
2016-10-04;5.0;13.25;16;;5;19
2016-10-05;3.0;12.0;19;;3;14
2016-10-06;7.0;11.25;17;20.0;7;20
2016-10-07;7.0;11.125;15;0.0;7;0
2016-10-08;5.0;11.625;16;;5;34
2016-10-09;7.0;9.125;10;61.0;7;61
2016-10-10;7.0;11.125;10;61.0;7;61
2016-10-11;7.0;9.875;20;61.0;7;61
2016-10-12;7.0;9.75;18;63.0;7;63
2016-10-13;6.0;10.875;15;0.0;6;0
2016-10-14;7.0;9.125;13;61.0;7;61
2016-10-15;8.0;8.625;12;61.0;8;61
2016-10-16;8.0;11.375;6;10.0;8;10
2016-10-17;8.0;9.75;6;10.0;8;10
2016-10-18;7.0;13.25;6;28.0;7;28
2016-10-19;8.0;7.625;4;61.0;8;61
2016-10-20;7.0;10.125;10;21.0;7;21
2016-10-21;6.0;9.875;10;61.0;6;61
2016-10-22;8.0;8.125;12;61.0;8;61
2016-10-23;7.0;8.625;4;21.0;7;21
2016-10-24;5.0;9.25;8;10.0;5;10
2016-10-25;5.0;9.0;8;0.0;5;0
2016-10-26;6.0;7.375;6;10.0;6;10
2016-10-27;7.0;13.375;9;21.0;7;21
2016-10-28;6.0;12.75;15;21.0;6;21
2016-10-29;4.0;11.375;16;20.0;4;20
2016-10-30;4.0;11.0;9;5.0;4;5
2016-10-31;7.0;12.125;6;61.0;7;61
2016-11-01;6.0;10.125;12;61.0;6;61
2016-11-02;4.0;7.25;13;21.0;4;21
2016-11-03;4.0;5.875;5;;4;24
2016-11-04;7.0;7.875;8;61.0;7;61
2016-11-05;7.0;5.5;5;61.0;7;61
2016-11-06;7.0;6.625;6;61.0;7;61
2016-11-07;7.0;3.5;14;61.0;7;61
2016-11-08;7.0;0.75;14;71.0;7;71
2016-11-09;0.0;1.25;4;10.0;0;10
2016-11-10;7.0;4.0;8;22.0;7;22
2016-11-11;4.0;4.875;10;21.0;4;21
2016-11-12;3.0;1.625;6;49.0;3;49
2016-11-13;4.0;1.375;9;5.0;4;5
2016-11-14;4.0;2.0;10;5.0;4;5
2016-11-15;7.0;7.75;9;61.0;7;61
2016-11-16;7.0;8.75;11;61.0;7;61
2016-11-17;6.0;7.75;9;21.0;6;21
2016-11-18;4.0;7.25;13;21.0;4;21
2016-11-19;6.0;6.625;11;21.0;6;21
2016-11-20;6.0;6.375;12;63.0;6;63
2016-11-21;7.0;11.5;6;61.0;7;61
2016-11-22;7.0;12.125;7;;7;53
2016-11-23;7.0;10.0;5;10.0;7;10
2016-11-24;0.0;4.5;8;10.0;0;10
2016-11-25;7.0;4.0;4;45.0;7;45
2016-11-26;7.0;5.875;10;61.0;7;61
2016-11-27;0.0;5.625;9;5.0;0;5
2016-11-28;1.0;2.875;11;;1;20
2016-11-29;3.0;3.0;9;10.0;3;10
2016-11-30;7.0;6.25;12;61.0;7;61
2016-12-01;8.0;8.5;19;61.0;8;61
2016-12-02;0.0;3.625;8;0.0;0;0
2016-12-03;4.0;-0.75;6;49.0;4;49
2016-12-04;8.0;4.125;6;;8;36
2016-12-05;7.0;3.0;7;;7;57
2016-12-06;7.0;6.25;5;61.0;7;61
2016-12-07;7.0;4.5;10;61.0;7;61
2016-12-08;8.0;8.625;12;10.0;8;10
2016-12-09;7.0;8.875;13;20.0;7;20
2016-12-10;7.0;9.5;10;61.0;7;61
2016-12-12;7.0;4.875;4;61.0;7;61
2016-12-13;7.0;6.285714;5;10.0;7;10
2016-12-14;7.0;4.625;6;45.0;7;45
2016-12-15;7.0;0.0;8;49.0;7;49
2016-12-16;8.0;-1.0;5;10.0;8;10
2016-12-17;8.0;2.125;6;10.0;8;10
2016-12-18;7.0;7.0;8;0.0;7;0
2016-12-19;8.0;5.75;4;0.0;8;0
2016-12-20;8.0;1.5;7;10.0;8;10
2016-12-21;6.0;3.625;10;10.0;6;10
2016-12-22;7.0;5.25;8;61.0;7;61
2016-12-23;7.0;6.375;9;10.0;7;10
2016-12-24;6.0;6.125;14;95.0;6;95
2016-12-25;7.0;9.375;16;61.0;7;61
2016-12-26;4.0;6.875;25;22.0;4;22
2016-12-27;6.0;8.25;21;;6;61
2016-12-28;4.0;7.125;12;0.0;4;0
2016-12-29;3.0;3.75;11;10.0;3;10
2016-12-30;4.0;1.75;10;10.0;4;10
2016-12-31;7.0;4.875;13;28.0;7;28
2017-01-01;8.0;5.5;12;61.0;8;61
2017-01-02;3.0;1.625;8;0.0;3;0
2017-01-03;7.0;6.0;16;61.0;7;61
2017-01-04;4.0;4.0;19;20.0;4;20
2017-01-05;4.0;-2.875;15;0.0;4;0
2017-01-06;1.0;-4.25;6;;1;12
2017-01-07;8.0;-0.5;11;71.0;8;71
2017-01-08;8.0;2.25;4;10.0;8;10
2017-01-09;8.0;2.5;6;20.0;8;20
2017-01-10;7.0;2.625;9;10.0;7;10
2017-01-11;7.0;4.625;15;61.0;7;61
2017-01-12;4.0;4.5;16;61.0;4;61
2017-01-13;3.0;3.125;7;61.0;3;61
2017-01-14;2.0;1.75;10;61.0;2;61
2017-01-15;5.0;1.375;10;71.0;5;71
2017-01-16;0.0;0.25;9;0.0;0;0
2017-01-17;7.0;0.5;4;10.0;7;10
2017-01-18;7.0;0.125;8;20.0;7;20
2017-01-19;8.0;1.5;8;61.0;8;61
2017-01-20;8.0;3.625;5;21.0;8;21
2017-01-21;7.0;5.75;5;10.0;7;10
2017-01-22;8.0;1.375;5;10.0;8;10
2017-01-23;7.0;1.125;8;10.0;7;10
2017-01-24;7.0;1.875;8;45.0;7;45
2017-01-25;7.0;-1.25;6;49.0;7;49
2017-01-26;6.0;1.0;7;10.0;6;10
2017-01-27;0.0;2.142857;7;5.0;0;5
2017-01-28;1.0;2.875;5;5.0;1;5
2017-01-29;7.0;4.75;8;61.0;7;61
2017-01-30;7.0;2.625;13;61.0;7;61
2017-01-31;7.0;3.125;15;10.0;7;10
2017-02-01;7.0;1.125;8;20.0;7;20
2017-02-02;7.0;1.75;6;61.0;7;61
2017-02-03;7.0;1.625;6;45.0;7;45
2017-02-04;7.0;5.75;6;61.0;7;61
2017-02-05;8.0;2.0;10;61.0;8;61
2017-02-06;7.0;2.5;12;61.0;7;61
2017-02-07;7.0;0.0;12;77.0;7;77
2017-02-08;8.0;-2.0;8;77.0;8;77
2017-02-09;8.0;-2.125;11;22.0;8;22
2017-02-10;7.0;-1.75;16;10.0;7;10
2017-02-11;7.0;0.0;17;0.0;7;0
2017-02-12;8.0;0.375;17;10.0;8;10
2017-02-13;0.0;-0.25;10;10.0;0;10
2017-02-14;2.0;-0.75;8;49.0;2;49
2017-02-15;0.0;5.875;4;5.0;0;5
2017-02-16;7.0;6.25;10;61.0;7;61
2017-02-17;7.0;6.0;9;61.0;7;61
2017-02-18;7.0;4.625;12;20.0;7;20
2017-02-19;7.0;5.625;8;61.0;7;61
2017-02-20;7.0;8.0;16;61.0;7;61
2017-02-21;6.0;7.625;18;;6;57
2017-02-22;6.0;7.375;20;61.0;6;61
2017-02-23;7.0;4.375;22;63.0;7;63
2017-02-24;1.0;4.125;15;21.0;1;21
2017-02-25;7.0;3.375;12;61.0;7;61
2017-02-26;7.0;7.5;11;61.0;7;61
2017-02-27;8.0;10.75;11;;8;45
2017-02-28;6.0;6.0;15;21.0;6;21
2017-03-01;6.0;5.0;14;63.0;6;63
2017-03-02;3.0;6.5;16;21.0;3;21
2017-03-03;2.0;8.375;10;0.0;2;0
2017-03-04;6.0;9.125;5;5.0;6;5
2017-03-05;7.0;7.375;12;61.0;7;61
2017-03-06;8.0;3.75;17;0.0;8;0
2017-03-07;7.0;1.75;7;20.0;7;20
2017-03-08;6.0;5.75;9;61.0;6;61
2017-03-09;7.0;7.375;8;21.0;7;21
2017-03-10;4.0;8.75;16;0.0;4;0
2017-03-11;2.0;7.75;9;0.0;2;0
2017-03-12;6.0;6.375;9;;6;41
2017-03-13;7.0;6.625;7;5.0;7;5
2017-03-14;6.0;10.5;13;0.0;6;0
2017-03-15;0.0;9.25;16;5.0;0;5
2017-03-16;5.0;11.75;9;;5;29
2017-03-17;6.0;6.75;18;63.0;6;63
2017-03-18;5.0;6.875;22;21.0;5;21
2017-03-19;8.0;3.875;9;79.0;8;79
2017-03-20;7.0;10.25;8;61.0;7;61
2017-03-21;5.0;8.75;20;21.0;5;21
2017-03-22;0.0;10.75;11;0.0;0;0
2017-03-23;4.0;8.125;11;;4;33
2017-03-24;0.0;10.5;7;0.0;0;0
2017-03-25;3.0;9.875;12;0.0;3;0
2017-03-26;3.0;9.375;7;0.0;3;0
2017-03-27;0.0;12.5;11;10.0;0;10
2017-03-28;0.0;13.875;7;0.0;0;0
2017-03-29;8.0;10.0;13;21.0;8;21
2017-03-30;7.0;16.0;12;61.0;7;61
2017-03-31;0.0;19.75;7;;0;2
2017-04-01;2.0;15.75;7;0.0;2;0
2017-04-02;2.0;13.375;13;0.0;2;0
2017-04-03;2.0;10.375;8;;2;2
2017-04-04;2.0;12.625;8;0.0;2;0
2017-04-05;5.0;9.875;18;21.0;5;21
2017-04-06;6.0;10.0;17;0.0;6;0
2017-04-07;6.0;11.125;18;20.0;6;20
2017-04-08;7.0;10.875;12;;7;61
2017-04-09;0.0;16.0;9;5.0;0;5
2017-04-10;7.0;9.5;19;21.0;7;21
2017-04-11;5.0;8.75;18;21.0;5;21
2017-04-12;7.0;8.75;13;61.0;7;61
2017-04-13;7.0;9.0;18;61.0;7;61
2017-04-14;7.0;9.25;12;63.0;7;63
2017-04-15;6.0;8.125;23;63.0;6;63
2017-04-16;7.0;6.875;7;61.0;7;61
2017-04-17;6.0;6.25;10;61.0;6;61
2017-04-18;4.0;5.625;15;;4;37
2017-04-19;0.0;6.375;10;0.0;0;0
2017-04-20;7.0;8.25;12;;7;41
2017-04-21;7.0;11.875;19;61.0;7;61
2017-04-22;5.0;7.5;21;61.0;5;61
2017-04-23;4.0;7.875;20;21.0;4;21
2017-04-24;7.0;8.875;17;63.0;7;63
2017-04-25;5.0;5.5;15;69.0;5;69
2017-04-26;6.0;7.625;7;61.0;6;61
2017-04-27;6.0;8.625;13;61.0;6;61
2017-04-28;7.0;8.625;10;61.0;7;61
2017-04-29;4.0;7.125;9;61.0;4;61
2017-04-30;1.0;11.875;12;0.0;1;0
2017-05-01;1.0;11.75;19;5.0;1;5
2017-05-02;2.0;10.875;21;5.0;2;5
2017-05-03;3.0;11.25;20;5.0;3;5
2017-05-04;7.0;10.625;19;;7;37
2017-05-05;7.0;8.25;15;61.0;7;61
2017-05-06;7.0;11.0;7;0.0;7;0
2017-05-07;0.0;17.125;9;0.0;0;0
2017-05-08;1.0;9.75;19;5.0;1;5
2017-05-09;4.0;10.0;12;;4;28
2017-05-10;7.0;9.25;11;61.0;7;61
2017-05-11;0.0;13.375;14;;0;7
2017-05-12;7.0;12.75;13;61.0;7;61
2017-05-13;6.0;17.875;6;21.0;6;21
2017-05-14;2.0;18.75;12;0.0;2;0
2017-05-15;3.0;17.375;9;0.0;3;0
2017-05-16;7.0;14.125;8;61.0;7;61
2017-05-17;6.0;23.125;7;;6;44
2017-05-18;4.0;23.125;12;;4;34
2017-05-19;6.0;17.375;7;21.0;6;21
2017-05-20;4.0;16.0;12;;4;29
2017-05-21;1.0;18.625;12;;1;2
2017-05-22;0.0;17.75;9;;0;1
2017-05-23;4.0;22.125;15;95.0;4;95
2017-05-24;3.0;17.125;18;0.0;3;0
2017-05-25;2.0;18.875;12;;2;6
2017-05-26;0.0;20.75;6;0.0;0;0
2017-05-27;0.0;24.75;7;;0;1
2017-05-28;1.0;22.375;14;61.0;1;61
2017-05-29;5.0;18.75;7;0.0;5;0
2017-05-30;6.0;20.5;14;5.0;6;5
2017-05-31;5.0;15.5;18;5.0;5;5
2017-06-01;0.0;17.375;12;5.0;0;5
2017-06-02;0.0;20.25;9;;0;2
2017-06-03;7.0;17.5;5;61.0;7;61
2017-06-04;5.0;17.125;14;61.0;5;61
2017-06-05;1.0;20.125;9;0.0;1;0
2017-06-06;4.0;21.625;10;61.0;4;61
2017-06-07;7.0;12.25;14;63.0;7;63
2017-06-08;7.0;14.875;8;61.0;7;61
2017-06-09;6.0;20.25;14;95.0;6;95
2017-06-10;5.0;19.25;10;0.0;5;0
2017-06-11;2.0;25.0;11;;2;10
2017-06-12;7.0;16.25;16;61.0;7;61
2017-06-13;6.0;16.125;16;21.0;6;21
2017-06-14;7.0;19.125;9;;7;49
2017-06-15;3.0;22.75;6;21.0;3;21
2017-06-16;5.0;17.375;20;21.0;5;21
2017-06-17;0.0;20.125;15;0.0;0;0
2017-06-18;2.0;24.25;9;;2;15
2017-06-19;1.0;25.375;7;0.0;1;0
2017-06-20;0.0;20.75;12;0.0;0;0
2017-06-21;3.0;18.75;10;;3;17
2017-06-22;3.0;20.25;10;95.0;3;95
2017-06-23;7.0;17.25;14;61.0;7;61
2017-06-24;6.0;17.875;19;61.0;6;61
2017-06-25;7.0;17.25;16;20.0;7;20
2017-06-26;3.0;17.375;16;21.0;3;21
2017-06-27;3.0;16.375;9;;3;18
2017-06-28;6.0;19.75;18;;6;56
2017-06-29;7.0;17.875;8;61.0;7;61
2017-06-30;7.0;14.875;11;63.0;7;63
2017-07-01;7.0;17.625;10;21.0;7;21
2017-07-02;7.0;17.125;18;21.0;7;21
2017-07-03;7.0;18.625;14;95.0;7;95
2017-07-04;6.0;17.25;15;;6;49
2017-07-05;2.0;19.0;9;;2;1
2017-07-06;0.0;18.375;8;;0;3
2017-07-07;5.0;20.625;7;61.0;5;61
2017-07-08;4.0;20.625;16;21.0;4;21
2017-07-09;1.0;19.125;9;;1;1
2017-07-10;7.0;17.5;6;61.0;7;61
2017-07-11;6.0;19.875;11;95.0;6;95
2017-07-12;7.0;14.75;12;61.0;7;61
2017-07-13;6.0;16.875;15;;6;30
2017-07-14;3.0;19.5;8;;3;15
2017-07-15;7.0;18.75;10;21.0;7;21
2017-07-16;8.0;17.375;9;61.0;8;61
2017-07-17;6.0;18.5;12;;6;37
2017-07-18;5.0;18.75;7;;5;15
2017-07-19;1.0;22.5;13;0.0;1;0
2017-07-20;7.0;21.5;5;61.0;7;61
2017-07-21;2.0;20.5;10;;2;5
2017-07-22;7.0;18.5;9;63.0;7;63
2017-07-23;6.0;19.375;12;61.0;6;61
2017-07-24;7.0;18.75;10;21.0;7;21
2017-07-25;7.0;16.25;16;63.0;7;63
2017-07-26;0.0;20.875;10;;0;2
2017-07-27;6.0;19.5;10;61.0;6;61
2017-07-28;6.0;18.125;17;61.0;6;61
2017-07-29;5.0;19.625;11;61.0;5;61
2017-07-30;5.0;24.0;11;61.0;5;61
2017-07-31;2.0;22.75;9;;2;14
2017-08-01;6.0;21.375;7;21.0;6;21
2017-08-02;5.0;21.375;8;61.0;5;61
2017-08-03;7.0;20.125;10;95.0;7;95
2017-08-04;6.0;19.625;18;21.0;6;21
2017-08-05;4.0;20.125;12;;4;44
2017-08-06;3.0;18.5;13;21.0;3;21
2017-08-07;2.0;22.4875;8;;2;22
2017-08-08;6.0;23.0625;8;21.0;6;21
2017-08-09;1.0;21.125;11;0.0;1;0
2017-08-10;6.0;19.6;9;;6;42
2017-08-11;7.0;16.375;8;61.0;7;61
2017-08-12;7.0;15.5625;8;61.0;7;61
2017-08-13;4.0;17.825;11;21.0;4;21
2017-08-14;1.0;18.6375;12;0.0;1;0
2017-08-15;2.0;25.0625;9;;2;21
2017-08-16;3.0;20.8625;8;0.0;3;0
2017-08-17;5.0;21.8;10;63.0;5;63
2017-08-18;6.0;19.6625;7;0.0;6;0
2017-08-19;5.0;16.9375;11;63.0;5;63
2017-08-20;6.0;16.0125;10;61.0;6;61
2017-08-21;7.0;17.2;15;61.0;7;61
2017-08-22;4.0;17.6125;11;;4;29
2017-08-23;0.0;19.4375;9;5.0;0;5
2017-08-24;3.0;19.4875;14;21.0;3;21
2017-08-25;3.0;19.7625;13;;3;18
2017-08-26;4.0;19.525;7;0.0;4;0
2017-08-27;4.0;19.6625;13;21.0;4;21
2017-08-28;4.0;20.5375;5;;4;30
2017-08-29;0.0;24.6;9;;0;1
2017-08-30;6.0;20.0;11;61.0;6;61
2017-08-31;7.0;14.8875;11;61.0;7;61
2017-09-01;4.0;17.3;7;61.0;4;61
2017-09-02;4.0;16.525;8;21.0;4;21
2017-09-03;3.0;17.4;7;0.0;3;0
2017-09-04;0.0;18.2875;10;0.0;0;0
2017-09-05;3.0;20.95;6;;3;30
2017-09-06;7.0;18.2;17;63.0;7;63
2017-09-07;5.0;17.2875;16;21.0;5;21
2017-09-08;7.0;14.9375;10;61.0;7;61
2017-09-09;7.0;15.025;9;61.0;7;61
2017-09-10;2.0;17.65;11;0.0;2;0
2017-09-11;3.0;17.8625;11;21.0;3;21
2017-09-12;5.0;16.1;12;21.0;5;21
2017-09-13;7.0;13.3375;20;63.0;7;63
2017-09-14;7.0;13.2375;13;61.0;7;61
2017-09-15;6.0;14.425;11;21.0;6;21
2017-09-16;8.0;11.9125;6;61.0;8;61
2017-09-17;7.0;15.25;7;61.0;7;61
2017-09-18;2.0;15.075;4;0.0;2;0
2017-09-19;5.0;14.3875;8;65.0;5;65
2017-09-20;7.0;14.225;10;61.0;7;61
2017-09-21;4.0;16.9625;7;10.0;4;10
2017-09-22;1.0;15.5875;8;0.0;1;0
2017-09-23;0.0;15.85;9;0.0;0;0
2017-09-24;7.0;15.8125;9;53.0;7;53
2017-09-25;6.0;16.225;15;21.0;6;21
2017-09-26;7.0;15.725;12;10.0;7;10
2017-09-27;7.0;16.575;10;61.0;7;61
2017-09-28;7.0;15.1125;7;21.0;7;21
2017-09-29;2.0;19.1;6;10.0;2;10
2017-09-30;7.0;15.1125;6;61.0;7;61
2017-10-01;2.0;16.2875;6;;2;12
2017-10-02;6.0;15.15;13;61.0;6;61
2017-10-03;5.0;14.2625;14;61.0;5;61
2017-10-06;1.0;13.8875;13;3.0;1;3
2017-10-07;7.0;10.65;10;61.0;7;61
2017-10-08;0.0;12.025;12;5.0;0;5
2017-10-09;5.0;12.475;8;20.0;5;20
2017-10-10;7.0;14.05;9;63.0;7;63
2017-10-11;7.0;14.6375;12;63.0;7;63
2017-10-12;6.0;13.1875;24;21.0;6;21
2017-10-13;6.0;14.1625;8;10.0;6;10
2017-10-14;8.0;15.7625;12;61.0;8;61
2017-10-15;2.0;17.8125;5;28.0;2;28
2017-10-16;5.0;17.9375;7;10.0;5;10
2017-10-17;7.0;14.725;13;;7;62
2017-10-18;4.0;14.8125;6;0.0;4;0
2017-10-19;6.0;14.85;9;10.0;6;10
2017-10-20;7.0;14.175;6;61.0;7;61
2017-10-21;7.0;13.0375;6;61.0;7;61
2017-10-22;7.0;11.025;7;61.0;7;61
2017-10-23;7.0;11.95;8;61.0;7;61
2017-10-24;7.0;11.925;8;61.0;7;61
2017-10-25;7.0;14.225;16;61.0;7;61
2017-10-26;5.0;13.475;12;;5;29
2017-10-27;4.0;11.95;13;;4;27
2017-10-28;7.0;11.2125;17;61.0;7;61
2017-10-29;2.0;9.9;20;21.0;2;21
2017-10-30;;8.1;11;;2;22
2017-10-31;;8.925;7;;3;6
2017-11-01;;12.975;12;;3;38
2017-11-02;;11.6875;13;;3;6
2017-11-03;;9.4375;7;;4;6
2017-11-04;;10.2625;5;;4;7
2017-11-05;;9.8;8;;5;27
2017-11-06;;8.2125;7;;5;31
2017-11-07;;6.7875;5;;5;36
2017-11-08;;8.625;9;;6;36
2017-11-09;6.0;8.55;9;10.0;6;10
2017-11-10;7.0;7.5375;16;61.0;7;61
2017-11-11;5.0;5.2375;8;63.0;5;63
2017-11-12;7.0;5.575;7;61.0;7;61
2017-11-13;2.0;5.9;9;10.0;2;10
2017-11-14;7.0;6.3875;11;61.0;7;61
2017-11-15;7.0;9.375;7;61.0;7;61
2017-11-16;8.0;8.8125;8;61.0;8;61
2017-11-17;3.0;7.725;10;21.0;3;21
2017-11-18;5.0;5.35;12;65.0;5;65
2017-11-19;3.0;6.25;15;21.0;3;21
2017-11-20;6.0;5.9625;6;;6;51
2017-11-21;7.0;4.9875;5;61.0;7;61
2017-11-22;7.0;10.6125;10;61.0;7;61
2017-11-23;7.0;12.225;16;61.0;7;61
2017-11-24;7.0;6.9875;8;61.0;7;61
2017-11-25;7.0;2.775;5;45.0;7;45
2017-11-26;7.0;4.65;12;61.0;7;61
2017-11-27;7.0;4.5625;14;61.0;7;61
2017-11-28;7.0;5.4875;12;61.0;7;61
2017-11-29;7.0;4.225;6;61.0;7;61
2017-11-30;7.0;2.8125;4;10.0;7;10
2017-12-01;6.0;4.3625;8;68.0;6;68
2017-12-02;7.0;0.375;8;61.0;7;61
2017-12-03;7.0;5.225;7;61.0;7;61
2017-12-04;2.0;5.3375;12;;2;31
2017-12-05;7.0;8.65;17;21.0;7;21
2017-12-06;7.0;8.9;17;0.0;7;0
2017-12-07;8.0;5.7625;13;61.0;8;61
2017-12-08;6.0;1.675;10;73.0;6;73
2017-12-09;3.0;3.5125;10;61.0;3;61
2017-12-10;7.0;0.9875;9;22.0;7;22
2017-12-11;8.0;2.2375;14;61.0;8;61
2017-12-12;7.0;1.55;12;68.0;7;68
2017-12-13;7.0;1.9875;12;69.0;7;69
2017-12-14;7.0;3.025;12;61.0;7;61
2017-12-15;7.0;3.0375;9;20.0;7;20
2017-12-16;1.0;3.275;10;10.0;1;10
2017-12-17;3.0;1.1375;7;10.0;3;10
2017-12-18;5.0;2.4625;6;10.0;5;10
2017-12-19;7.0;5.9125;7;20.0;7;20
2017-12-20;7.0;6.6375;6;20.0;7;20
2017-12-21;7.0;6.2375;10;21.0;7;21
2017-12-22;7.0;5.7625;9;10.0;7;10
2017-12-23;7.0;7.8;19;61.0;7;61
2017-12-24;7.0;8.1125;16;61.0;7;61
2017-12-25;7.0;8.7;14;61.0;7;61
2017-12-26;7.0;6.25;14;61.0;7;61
2017-12-27;7.0;4.6125;7;21.0;7;21
2017-12-28;4.0;4.0875;11;61.0;4;61
2017-12-29;5.0;2.8125;11;61.0;5;61
2017-12-30;7.0;4.05;10;61.0;7;61
2017-12-31;7.0;8.25;16;63.0;7;63
2018-01-01;6.0;6.6125;17;61.0;6;61
2018-01-02;6.0;5.7;8;61.0;6;61
2018-01-03;7.0;6.475;11;61.0;7;61
2018-01-04;6.0;5.5125;7;61.0;6;61
2018-01-05;8.0;4.325;10;61.0;8;61
2018-01-06;7.0;3.1875;8;61.0;7;61
2018-01-07;0.0;0.65;8;;0;3
2018-01-08;1.0;0.9875;7;5.0;1;5
2018-01-09;4.0;3.1625;11;0.0;4;0
2018-01-10;6.0;4.0125;6;21.0;6;21
2018-01-11;7.0;3.8375;10;61.0;7;61
2018-01-12;7.0;2.275;10;10.0;7;10
2018-01-13;8.0;1.275;8;10.0;8;10
2018-01-14;1.0;0.325;8;5.0;1;5
2018-01-15;7.0;1.5625;12;61.0;7;61
2018-01-16;7.0;3.3625;9;61.0;7;61
2018-01-17;6.0;1.8125;10;61.0;6;61
2018-01-18;7.0;1.1625;17;73.0;7;73
2018-01-19;6.0;1.975;10;73.0;6;73
2018-01-20;8.0;1.75;7;61.0;8;61
2018-01-21;6.0;-0.6125;3;49.0;6;49
2018-01-22;7.0;0.675;7;77.0;7;77
2018-01-23;7.0;4.6625;7;61.0;7;61
2018-01-24;8.0;11.6;14;61.0;8;61
2018-01-25;7.0;7.95;9;21.0;7;21
2018-01-26;6.0;5.9625;5;45.0;6;45
2018-01-27;8.0;5.6375;9;10.0;8;10
2018-01-28;6.0;7.6625;16;61.0;6;61
2018-01-29;7.0;7.55;21;63.0;7;63
2018-01-30;4.0;5.7375;15;10.0;4;10
2018-01-31;7.0;6.3;15;61.0;7;61
2018-02-01;7.0;3.5125;11;61.0;7;61
2018-02-02;7.0;3.45;6;61.0;7;61
2018-02-03;7.0;-1.1625;8;71.0;7;71
2018-02-04;7.0;0.825;18;73.0;7;73
2018-02-05;7.0;-0.2375;10;22.0;7;22
2018-02-06;1.0;-0.8625;5;10.0;1;10
2018-02-07;0.0;-1.285714;4;5.0;0;5
2018-02-08;0.0;-0.0125;6;5.0;0;5
2018-02-09;1.0;-0.2625;7;10.0;1;10
2018-02-10;1.0;0.5625;4;10.0;1;10
2018-02-11;7.0;2.3375;11;75.0;7;75
2018-02-12;5.0;1.825;15;75.0;5;75
2018-02-13;0.0;2.6875;7;10.0;0;10
2018-02-14;0.0;2.95;8;5.0;0;5
2018-02-15;7.0;0.675;11;73.0;7;73
2018-02-16;5.0;4.8625;12;21.0;5;21
2018-02-17;8.0;4.125;5;10.0;8;10
2018-02-18;5.0;4.375;8;0.0;5;0
2018-02-19;5.0;4.9125;4;5.0;5;5
2018-02-20;1.0;3.375;11;10.0;1;10
2018-02-21;6.0;2.175;7;22.0;6;22
2018-02-22;7.0;1.1125;7;20.0;7;20
2018-02-23;1.0;0.4375;12;5.0;1;5
2018-02-24;6.0;0.125;15;71.0;6;71
2018-02-25;7.0;-2.9625;14;71.0;7;71
2018-02-26;5.0;-1.5375;18;;5;45
2018-02-27;6.0;-3.425;16;71.0;6;71
2018-02-28;5.0;-6.1375;16;5.0;5;5
2018-03-01;6.0;-3.95;18;71.0;6;71
2018-03-02;6.0;-4.9625;15;71.0;6;71
2018-03-03;0.0;-3.4375;13;5.0;0;5
2018-03-04;5.0;-2.3125;10;77.0;5;77
2018-03-05;5.0;5.9875;7;10.0;5;10
2018-03-06;0.0;6.4;9;5.0;0;5
2018-03-07;7.0;1.1875;6;71.0;7;71
2018-03-08;5.0;4.4625;8;61.0;5;61
2018-03-09;7.0;4.45;13;61.0;7;61
2018-03-10;8.0;3.4;10;63.0;8;63
2018-03-11;5.0;11.475;7;45.0;5;45
2018-03-12;7.0;6.5375;5;61.0;7;61
2018-03-13;7.0;4.2625;12;61.0;7;61
2018-03-14;8.0;3.2;8;21.0;8;21
2018-03-15;8.0;2.4625;20;;8;41
2018-03-16;7.0;0.2;28;22.0;7;22
2018-03-17;5.0;-2.225;29;73.0;5;73
2018-03-18;1.0;-0.825;23;5.0;1;5
2018-03-19;0.0;2.3;8;5.0;0;5
2018-03-20;0.0;4.2125;17;5.0;0;5
2018-03-21;7.0;4.7;13;22.0;7;22
2018-03-22;8.0;5.7625;11;61.0;8;61
2018-03-23;8.0;4.425;5;22.0;8;22
2018-03-24;7.0;7.125;4;5.0;7;5
2018-03-25;7.0;7.625;6;0.0;7;0
2018-03-26;7.0;5.0375;8;61.0;7;61
2018-03-27;7.0;5.325;9;10.0;7;10
2018-03-28;7.0;3.725;14;61.0;7;61
2018-03-29;7.0;0.9;8;71.0;7;71
2018-03-30;1.0;3.225;13;5.0;1;5
2018-03-31;7.0;2.225;17;;7;47
2018-04-01;6.0;2.525;9;71.0;6;71
2018-04-02;5.0;6.1;8;5.0;5;5
2018-04-03;7.0;11.775;9;61.0;7;61
2018-04-04;4.0;13.2125;9;61.0;4;61
2018-04-05;7.0;8.6625;19;61.0;7;61
2018-04-06;1.0;9.9875;10;5.0;1;5
2018-04-07;0.0;14.75;9;5.0;0;5
2018-04-08;0.0;20.5;5;5.0;0;5
2018-04-09;5.0;15.3125;9;5.0;5;5
2018-04-10;8.0;5.1625;21;10.0;8;10
2018-04-11;8.0;4.7125;22;;8;39
2018-04-12;5.0;7.975;19;5.0;5;5
2018-04-13;6.0;8.7125;15;61.0;6;61
2018-04-14;8.0;7.675;10;61.0;8;61
2018-04-15;8.0;9.5375;7;61.0;8;61
2018-04-16;2.0;13.875;8;63.0;2;63
2018-04-17;0.0;15.25;11;0.0;0;0
2018-04-18;1.0;20.35;11;0.0;1;0
2018-04-19;0.0;23.1125;5;0.0;0;0
2018-04-20;0.0;24.375;13;0.0;0;0
2018-04-21;1.0;15.6625;10;5.0;1;5
2018-04-22;1.0;14.525;11;5.0;1;5
2018-04-23;4.0;14.4;18;5.0;4;5
2018-04-24;5.0;12.0875;21;61.0;5;61
2018-04-25;7.0;9.25;13;61.0;7;61
2018-04-26;6.0;11.0875;18;61.0;6;61
2018-04-27;5.0;13.0875;8;0.0;5;0
2018-04-28;7.0;14.65;8;61.0;7;61
2018-04-29;7.0;8.875;9;21.0;7;21
2018-04-30;7.0;11.55;10;95.0;7;95
2018-05-01;7.0;6.9875;13;63.0;7;63
2018-05-02;1.0;14.725;9;5.0;1;5
2018-05-03;1.0;12.5;14;0.0;1;0
2018-05-04;0.0;12.1875;10;5.0;0;5
2018-05-05;0.0;14.75;9;5.0;0;5
2018-05-06;0.0;18.9125;10;;0;3
2018-05-07;0.0;20.825;11;0.0;0;0
2018-05-08;0.0;22.3875;14;5.0;0;5
2018-05-09;0.0;23.3;12;;0;6
2018-05-10;5.0;20.525;9;95.0;5;95
2018-05-11;1.0;15.1;8;;1;4
2018-05-12;5.0;17.3375;10;0.0;5;0
2018-05-13;2.0;17.25;12;10.0;2;10
2018-05-14;0.0;18.8875;11;5.0;0;5
2018-05-15;0.0;18.0;9;0.0;0;0
2018-05-16;5.0;20.5625;13;21.0;5;21
2018-05-17;3.0;15.2875;10;5.0;3;5
2018-05-18;7.0;14.75;9;0.0;7;0
2018-05-19;6.0;14.9125;8;0.0;6;0
2018-05-20;0.0;18.9;13;5.0;0;5
2018-05-21;0.0;18.5125;16;5.0;0;5
2018-05-22;0.0;20.325;13;5.0;0;5
2018-05-23;0.0;20.1625;10;0.0;0;0
2018-05-24;0.0;20.35;15;5.0;0;5
2018-05-25;0.0;19.775;16;5.0;0;5
2018-05-26;0.0;19.875;11;5.0;0;5
2018-05-27;7.0;16.425;12;20.0;7;20
2018-05-28;2.0;20.2125;10;5.0;2;5
2018-05-29;0.0;23.4625;14;5.0;0;5
2018-05-30;1.0;23.1875;11;17.0;1;17
2018-05-31;0.0;21.8875;14;5.0;0;5
2018-06-01;0.0;21.375;12;5.0;0;5
2018-06-02;1.0;22.8875;10;5.0;1;5
2018-06-03;7.0;19.275;9;0.0;7;0
2018-06-04;5.0;19.25;14;20.0;5;20
2018-06-05;0.0;19.7;10;5.0;0;5
2018-06-06;0.0;22.15;14;5.0;0;5
2018-06-07;0.0;23.6875;10;;0;4
2018-06-08;0.0;22.7375;9;0.0;0;0
2018-06-09;6.0;22.1125;7;61.0;6;61
2018-06-10;7.0;19.1;8;61.0;7;61
2018-06-11;6.0;18.5125;15;;6;9
2018-06-12;8.0;15.3125;12;20.0;8;20
2018-06-13;7.0;16.4;14;61.0;7;61
2018-06-14;5.0;20.9;10;;5;68
2018-06-15;4.0;19.2;7;0.0;4;0
2018-06-16;5.0;21.325;7;95.0;5;95
2018-06-17;5.0;18.275;12;61.0;5;61
2018-06-18;7.0;17.6375;9;61.0;7;61
2018-06-19;3.0;19.2375;16;21.0;3;21
2018-06-20;3.0;23.65;13;0.0;3;0
2018-06-21;7.0;11.5625;15;65.0;7;65
2018-06-22;5.0;15.575;20;61.0;5;61
2018-06-23;7.0;14.3;18;61.0;7;61
2018-06-24;6.0;16.2375;10;21.0;6;21
2018-06-25;6.0;17.175;13;21.0;6;21
2018-06-26;3.0;20.075;6;21.0;3;21
2018-06-27;0.0;22.0125;11;5.0;0;5
2018-06-28;0.0;22.125;9;0.0;0;0
2018-06-29;0.0;21.85;15;5.0;0;5
2018-06-30;0.0;21.2375;10;5.0;0;5
2018-07-01;0.0;21.0625;12;5.0;0;5
2018-07-02;0.0;22.525;11;5.0;0;5
2018-07-03;0.0;22.4875;9;5.0;0;5
2018-07-04;5.0;19.7;9;;5;44
2018-07-05;7.0;17.5;12;20.0;7;20
2018-07-06;0.0;20.5125;18;5.0;0;5
2018-07-07;0.0;20.25;19;5.0;0;5
2018-07-08;0.0;23.0;10;5.0;0;5
2018-07-09;6.0;16.75;18;0.0;6;0
2018-07-10;2.0;18.675;15;5.0;2;5
2018-07-11;7.0;19.625;12;21.0;7;21
2018-07-12;1.0;26.075;14;;1;15
2018-07-13;0.0;23.975;13;5.0;0;5
2018-07-14;7.0;17.7625;12;0.0;7;0
2018-07-15;2.0;23.2;9;5.0;2;5
2018-07-16;0.0;24.25;9;5.0;0;5
2018-07-17;0.0;26.775;10;;0;1
2018-07-18;3.0;23.866666;13;0.0;3;0
2018-07-19;2.0;22.575;13;;2;16
2018-07-20;0.0;22.775;9;0.0;0;0
2018-07-21;0.0;25.0625;10;0.0;0;0
2018-07-22;1.0;25.0375;13;5.0;1;5
2018-07-23;3.0;24.8375;10;;3;29
2018-07-24;0.0;28.1;10;5.0;0;5
2018-07-25;1.0;28.425;11;61.0;1;61
2018-07-26;0.0;28.875;12;5.0;0;5
2018-07-27;0.0;27.5875;16;5.0;0;5
2018-07-28;3.0;28.75;11;95.0;3;95
2018-07-29;0.0;24.55;6;;0;0
2018-07-30;6.0;27.7875;10;21.0;6;21
2018-07-31;5.0;31.2875;11;;5;36
2018-08-01;0.0;23.7625;10;0.0;0;0
2018-08-02;0.0;26.1875;10;0.0;0;0
2018-08-03;1.0;27.6625;10;0.0;1;0
2018-08-04;4.0;25.1375;12;;4;33
2018-08-05;7.0;21.3;14;61.0;7;61
2018-08-06;0.0;23.1;5;0.0;0;0
2018-08-07;0.0;32.671428;7;;0;14
2018-08-08;4.0;28.15;10;;4;31
2018-08-09;5.0;24.575;13;21.0;5;21
2018-08-10;5.0;17.325;16;61.0;5;61
2018-08-11;6.0;15.5;13;61.0;6;61
2018-08-12;7.0;18.375;9;61.0;7;61
2018-08-13;7.0;21.9125;8;61.0;7;61
2018-08-14;5.0;21.8;16;61.0;5;61
2018-08-15;6.0;21.9875;13;21.0;6;21
2018-08-16;3.0;25.075;9;0.0;3;0
2018-08-17;7.0;19.55;9;61.0;7;61
2018-08-18;4.0;21.75;10;;4;67
2018-08-19;7.0;21.3875;10;;7;40
2018-08-20;6.0;19.6;13;21.0;6;21
2018-08-21;4.0;19.7875;8;;4;22
2018-08-22;0.0;26.6375;8;;0;0
2018-08-23;5.0;22.575;11;5.0;5;5
2018-08-24;5.0;17.1;15;61.0;5;61
2018-08-25;7.0;12.9;6;63.0;7;63
2018-08-26;3.0;16.9875;12;21.0;3;21
2018-08-27;6.0;16.5375;13;63.0;6;63
2018-08-28;6.0;18.6125;9;61.0;6;61
2018-08-29;0.0;22.7;12;0.0;0;0
2018-08-30;7.0;15.4625;13;63.0;7;63
2018-08-31;4.0;18.725;11;0.0;4;0
2018-09-01;2.0;18.1125;8;;2;0
2018-09-02;1.0;18.95;11;5.0;1;5
2018-09-03;2.0;21.0125;13;21.0;2;21
2018-09-04;1.0;20.525;11;5.0;1;5
2018-09-05;2.0;20.2875;11;0.0;2;0
2018-09-06;0.0;21.275;11;0.0;0;0
2018-09-07;7.0;17.475;12;61.0;7;61
2018-09-10;5.0;19.2375;12;;5;41
2018-09-11;7.0;16.55;12;61.0;7;61
2018-09-12;7.0;14.3;11;61.0;7;61
2018-09-13;4.0;17.3375;7;0.0;4;0
2018-09-14;3.0;17.1125;9;;3;14
2018-09-21;6.0;14.957142;16;61.0;6;61
2018-09-22;4.0;13.025;20;61.0;4;61
2018-09-23;6.0;11.65;6;61.0;6;61
2018-09-24;2.0;11.2875;17;21.0;2;21
2018-09-25;3.0;12.7625;9;0.0;3;0
2018-09-26;7.0;14.2375;16;61.0;7;61
2018-09-27;7.0;17.6;13;0.0;7;0
2018-09-28;1.0;12.8625;15;21.0;1;21
2018-09-29;6.0;13.1;10;61.0;6;61
2018-09-30;5.0;13.9625;12;21.0;5;21
2018-10-01;5.0;11.1625;12;21.0;5;21
2018-10-02;6.0;10.0;18;61.0;6;61
2018-10-03;4.0;12.2875;18;21.0;4;21
2018-10-04;7.0;14.2625;8;61.0;7;61
2018-10-05;0.0;18.1125;8;5.0;0;5
2018-10-06;1.0;14.3375;6;10.0;1;10
2018-10-07;1.0;11.4;10;5.0;1;5
2018-10-08;5.0;13.0625;10;;5;41
2018-10-09;3.0;15.125;9;0.0;3;0
2018-10-10;0.0;17.1;6;10.0;0;10
2018-10-11;0.0;19.633333;7;0.0;0;0
2018-10-12;0.0;21.4125;7;;0;2
2018-10-15;0.0;20.7875;6;0.0;0;0
2018-10-16;7.0;19.0625;6;10.0;7;10
2018-10-17;2.0;20.8375;5;5.0;2;5
2018-10-18;1.0;12.816666;12;5.0;1;5
2018-10-19;3.0;10.925;6;5.0;3;5
2018-10-22;2.0;11.1;14;0.0;2;0
2018-10-23;7.0;11.925;23;63.0;7;63
2018-10-24;4.0;10.357142;11;0.0;4;0
2018-10-25;6.0;11.125;19;21.0;6;21
2018-10-26;7.0;10.325;9;63.0;7;63
2018-10-27;7.0;5.8375;13;63.0;7;63
2018-10-28;2.0;5.5875;14;0.0;2;0
2018-10-29;7.0;7.3625;17;21.0;7;21
2018-10-30;7.0;10.6375;11;20.0;7;20
2018-10-31;5.0;9.9;10;0.0;5;0
2018-11-01;5.0;11.725;8;0.0;5;0
2018-11-02;6.0;10.675;12;61.0;6;61
2018-11-03;0.0;8.7;5;10.0;0;10
2018-11-04;8.0;8.225;5;10.0;8;10
2018-11-05;8.0;10.4125;6;10.0;8;10
2018-11-06;7.0;8.5375;5;45.0;7;45
2018-11-07;1.0;11.0875;4;28.0;1;28
2018-11-08;6.0;11.625;7;20.0;6;20
2018-11-09;7.0;9.3;6;61.0;7;61
2018-11-10;7.0;11.425;8;61.0;7;61
2018-11-11;7.0;12.2375;8;61.0;7;61
2018-11-12;7.0;10.5375;4;61.0;7;61
2018-11-13;7.0;10.325;9;61.0;7;61
2018-11-14;7.0;8.4375;7;10.0;7;10
2018-11-15;2.0;10.35;6;5.0;2;5
2018-11-16;0.0;8.2625;7;10.0;0;10
2018-11-17;0.0;5.375;10;10.0;0;10
2018-11-18;7.0;6.75;14;0.0;7;0
2018-11-19;6.0;5.775;21;61.0;6;61
2018-11-20;7.0;4.725;16;;7;62
2018-11-21;7.0;3.05;12;0.0;7;0
2018-11-22;8.0;1.5125;9;21.0;8;21
2018-11-23;8.0;1.8875;6;10.0;8;10
2018-11-24;8.0;3.025;4;10.0;8;10
2018-11-25;8.0;5.1625;12;53.0;8;53
2018-11-26;7.0;4.95;12;61.0;7;61
2018-11-27;8.0;2.1625;3;;8;12
2018-11-28;3.0;1.5;10;5.0;3;5
2018-11-29;7.0;3.3;10;61.0;7;61
2018-11-30;5.0;7.8375;8;;5;13
2018-12-01;7.0;7.1625;8;61.0;7;61
2018-12-02;7.0;8.15;8;61.0;7;61
2018-12-03;7.0;10.825;12;61.0;7;61
2018-12-04;1.0;5.442857;14;21.0;1;21
2018-12-05;1.0;3.7375;6;0.0;1;0
2018-12-06;7.0;6.725;7;61.0;7;61
2018-12-07;7.0;10.825;9;61.0;7;61
2018-12-08;8.0;7.475;18;61.0;8;61
2018-12-09;7.0;6.95;18;61.0;7;61
2018-12-10;5.0;4.9125;15;21.0;5;21
2018-12-11;6.0;4.6375;11;;6;43
2018-12-12;7.0;4.175;12;21.0;7;21
2018-12-13;7.0;2.925;10;61.0;7;61
2018-12-14;7.0;2.175;12;22.0;7;22
2018-12-15;7.0;0.5375;7;;7;50
2018-12-16;7.0;0.2;9;;7;45
2018-12-17;8.0;0.65;6;20.0;8;20
2018-12-18;7.0;5.3125;6;21.0;7;21
2018-12-19;7.0;3.175;9;61.0;7;61
2018-12-20;7.0;4.8875;4;53.0;7;53
2018-12-21;7.0;6.1125;9;61.0;7;61
2018-12-22;8.0;4.3;4;;8;37
2018-12-23;7.0;6.45;9;61.0;7;61
2018-12-24;7.0;2.5;10;22.0;7;22
2018-12-25;7.0;6.3625;16;;7;62
2018-12-26;7.0;7.9125;12;0.0;7;0
2018-12-27;7.0;7.125;12;20.0;7;20
2018-12-28;7.0;7.3125;11;61.0;7;61
2018-12-29;8.0;7.675;10;61.0;8;61
2018-12-30;2.0;6.675;16;;2;14
2018-12-31;7.0;7.3875;13;45.0;7;45
2019-01-01;6.0;6.2875;26;21.0;6;21
2019-01-02;0.0;3.9125;20;0.0;0;0
2019-01-03;2.0;0.725;6;;2;17
2019-01-04;7.0;5.55;15;61.0;7;61
2019-01-05;5.0;7.85;8;21.0;5;21
2019-01-06;7.0;3.65;7;61.0;7;61
2019-01-07;8.0;5.9375;8;55.0;8;55
2019-01-08;6.0;5.5;19;21.0;6;21
2019-01-09;7.0;3.1375;22;0.0;7;0
2019-01-10;7.0;1.4;7;;7;40
2019-01-11;6.0;6.8625;15;61.0;6;61
2019-01-12;7.0;6.0875;13;61.0;7;61
2019-01-13;7.0;7.6875;20;61.0;7;61
2019-01-14;2.0;1.9375;18;5.0;2;5
2019-01-15;7.0;6.6625;18;61.0;7;61
2019-01-16;7.0;7.2125;14;61.0;7;61
2019-01-17;7.0;4.1875;15;61.0;7;61
2019-01-18;1.0;1.2625;7;0.0;1;0
2019-01-19;2.0;0.925;4;49.0;2;49
2019-01-20;1.0;0.85;4;10.0;1;10
2019-01-21;6.0;-0.425;9;71.0;6;71
2019-01-22;5.0;0.1375;9;10.0;5;10
2019-01-23;4.0;-3.075;7;10.0;4;10
2019-01-24;8.0;-4.8125;6;22.0;8;22
2019-01-25;8.0;-3.3875;6;71.0;8;71
2019-01-26;7.0;3.8375;7;61.0;7;61
2019-01-27;8.0;4.9375;7;61.0;8;61
2019-01-28;8.0;2.75;5;20.0;8;20
2019-01-29;6.0;1.575;7;68.0;6;68
2019-01-30;5.0;1.6;10;;5;35
2019-01-31;7.0;1.4;7;20.0;7;20
2019-02-01;7.0;-0.075;12;10.0;7;10
2019-02-02;8.0;1.7375;10;10.0;8;10
2019-02-03;1.0;2.5;9;0.0;1;0
2019-02-04;7.0;2.95;12;;7;47
2019-02-05;7.0;4.6375;11;61.0;7;61
2019-02-06;7.0;3.6625;11;61.0;7;61
2019-02-07;7.0;6.0375;10;61.0;7;61
2019-02-08;7.0;6.5;11;61.0;7;61
2019-02-09;7.0;7.4;18;61.0;7;61
2019-02-10;7.0;5.125;7;61.0;7;61
2019-02-11;2.0;5.9375;16;0.0;2;0
2019-02-12;4.0;5.225;12;20.0;4;20
2019-02-13;8.0;7.5375;13;20.0;8;20
2019-02-14;3.0;7.4;10;10.0;3;10
2019-02-15;0.0;11.3375;7;0.0;0;0
2019-02-16;0.0;10.425;12;5.0;0;5
2019-02-17;3.0;11.625;5;5.0;3;5
2019-02-18;0.0;11.725;7;0.0;0;0
2019-02-19;7.0;6.75;15;63.0;7;63
2019-02-20;7.0;7.34;11;61.0;7;61
2019-02-21;8.0;7.675;12;61.0;8;61
2019-02-22;4.0;4.125;11;0.0;4;0
2019-02-23;6.0;4.775;6;;6;30
2019-02-24;0.0;9.6875;9;5.0;0;5
2019-02-25;0.0;9.8125;9;21.0;0;21
2019-02-26;0.0;10.85;7;5.0;0;5
2019-02-27;1.0;13.4125;10;5.0;1;5
2019-02-28;5.0;7.8875;11;21.0;5;21
2019-03-01;7.0;5.6375;8;;7;61
2019-03-02;7.0;5.4;7;;7;61
2019-03-03;6.0;8.975;13;61.0;6;61
2019-03-04;6.0;7.5375;20;61.0;6;61
2019-03-05;5.0;6.8875;17;61.0;5;61
2019-03-06;7.0;6.7625;9;61.0;7;61
2019-03-07;6.0;9.65;19;61.0;6;61
2019-03-08;5.0;6.8875;26;61.0;5;61
2019-03-09;6.0;6.35;22;63.0;6;63
2019-03-10;6.0;6.8875;10;21.0;6;21
2019-03-11;5.0;4.075;6;61.0;5;61
2019-03-12;6.0;5.425;13;61.0;6;61
2019-03-13;7.0;5.8;15;63.0;7;63
2019-03-14;7.0;5.5625;12;61.0;7;61
2019-03-15;7.0;7.4875;25;61.0;7;61
2019-03-16;7.0;5.5875;11;61.0;7;61
2019-03-17;5.0;7.4;20;21.0;5;21
2019-03-18;5.0;6.325;21;61.0;5;61
2019-03-19;3.0;7.0125;11;5.0;3;5
2019-03-20;8.0;8.2875;12;53.0;8;53
2019-03-21;8.0;10.225;14;10.0;8;10
2019-03-22;7.0;9.7;6;20.0;7;20
2019-03-23;6.0;10.2625;15;10.0;6;10
2019-03-24;4.0;7.6625;12;0.0;4;0
2019-03-25;4.0;7.3375;17;21.0;4;21
2019-03-26;7.0;7.8375;16;21.0;7;21
2019-03-27;8.0;8.375;14;61.0;8;61
2019-03-28;8.0;10.7;9;;8;53
2019-03-29;5.0;12.1125;11;21.0;5;21
2019-03-30;1.0;15.5;11;5.0;1;5
2019-03-31;0.0;7.6625;13;5.0;0;5
2019-04-01;0.0;8.05;13;5.0;0;5
2019-04-02;0.0;11.685714;10;5.0;0;5
2019-04-03;7.0;9.875;9;63.0;7;63
2019-04-05;2.0;12.0625;10;5.0;2;5
2019-04-06;0.0;12.7625;10;10.0;0;10
2019-04-07;0.0;12.8375;8;5.0;0;5
2019-04-08;1.0;9.1125;16;5.0;1;5
2019-04-09;1.0;6.6625;15;5.0;1;5
2019-04-10;0.0;6.275;14;5.0;0;5
2019-04-11;7.0;5.3375;12;22.0;7;22
2019-04-12;5.0;5.2125;11;22.0;5;22
2019-04-13;7.0;3.475;16;68.0;7;68
2019-04-14;7.0;5.9375;16;61.0;7;61
2019-04-15;2.0;7.35;14;5.0;2;5
2019-04-16;0.0;8.4375;15;5.0;0;5
2019-04-17;0.0;11.6625;14;5.0;0;5
2019-04-18;0.0;13.0125;14;5.0;0;5
2019-04-19;0.0;14.1;12;5.0;0;5
2019-04-20;0.0;13.125;8;;0;8
2019-04-21;0.0;16.8125;10;;0;5
2019-04-22;0.0;15.775;16;5.0;0;5
2019-04-23;0.0;14.225;19;5.0;0;5
2019-04-24;2.0;17.65;10;21.0;2;21
2019-04-25;0.0;19.6125;7;;0;1
2019-04-26;7.0;14.975;16;95.0;7;95
2019-04-27;5.0;16.2125;13;0.0;5;0
2019-04-28;7.0;9.85;10;61.0;7;61
2019-04-29;3.0;13.6125;12;10.0;3;10
2019-04-30;6.0;17.65;11;0.0;6;0
2019-05-01;7.0;9.2625;15;20.0;7;20
2019-05-02;7.0;8.95;16;61.0;7;61
2019-05-03;6.0;8.7625;18;21.0;6;21
2019-05-04;5.0;7.3;15;61.0;5;61
2019-05-05;5.0;10.6875;15;;5;35
2019-05-06;3.0;9.1625;18;61.0;3;61
2019-05-07;3.0;9.6625;14;21.0;3;21
2019-05-08;6.0;12.8125;8;61.0;6;61
2019-05-09;6.0;15.0;7;61.0;6;61
2019-05-10;7.0;10.4625;11;61.0;7;61
2019-05-11;1.0;11.525;9;;1;11
2019-05-12;1.0;13.0125;16;5.0;1;5
2019-05-13;1.0;12.7125;11;5.0;1;5
2019-05-14;7.0;12.3375;9;;7;61
2019-05-15;2.0;13.9;11;;2;17
2019-05-16;7.0;12.475;15;61.0;7;61
2019-05-17;7.0;11.95;11;10.0;7;10
2019-05-18;3.0;16.4875;13;5.0;3;5
2019-05-19;4.0;14.2375;12;10.0;4;10
2019-05-20;3.0;16.8125;9;28.0;3;28
2019-05-21;7.0;16.425;10;61.0;7;61
2019-05-22;6.0;12.1;15;61.0;6;61
2019-05-23;5.0;18.2375;10;0.0;5;0
2019-05-24;2.0;18.4125;17;0.0;2;0
2019-05-25;7.0;13.5375;14;;7;53
2019-05-26;7.0;13.625;10;61.0;7;61
2019-05-27;6.0;15.2625;13;;6;65
2019-05-28;6.0;13.1625;12;;6;50
2019-05-29;3.0;13.3625;8;0.0;3;0
2019-05-30;7.0;14.0125;9;61.0;7;61
2019-05-31;7.0;18.85;14;;7;75
2019-06-01;6.0;19.5625;15;0.0;6;0
2019-06-02;2.0;24.35;8;;2;4
2019-06-03;6.0;22.225;12;21.0;6;21
2019-06-04;7.0;16.0625;10;61.0;7;61
2019-06-05;5.0;22.9125;11;;5;45
2019-06-06;6.0;19.5;13;61.0;6;61
2019-06-07;1.0;17.45;10;;1;8
2019-06-08;7.0;16.2375;13;61.0;7;61
2019-06-09;5.0;18.65;10;;5;13
2019-06-10;7.0;16.125;14;61.0;7;61
2019-06-11;6.0;18.1375;6;95.0;6;95
2019-06-12;7.0;16.6625;10;95.0;7;95
2019-06-13;0.0;22.175;11;;0;3
2019-06-14;5.0;22.9;9;95.0;5;95
2019-06-15;7.0;18.2125;12;95.0;7;95
2019-06-16;6.0;20.3875;8;0.0;6;0
2019-06-17;3.0;21.875;9;;3;25
2019-06-18;5.0;25.1125;6;95.0;5;95
2019-06-19;3.0;25.95;8;17.0;3;17
2019-06-20;6.0;19.275;8;21.0;6;21
2019-06-21;6.0;18.1625;11;;6;25
2019-06-22;6.0;17.025;9;5.0;6;5
2019-06-23;1.0;20.375;12;5.0;1;5
2019-06-24;6.0;21.875;13;;6;29
2019-06-25;3.0;28.775;7;;3;27
2019-06-26;0.0;26.0375;16;5.0;0;5
2019-06-27;6.0;17.175;14;;6;47
2019-06-28;1.0;20.225;7;;1;2
2019-06-29;0.0;24.0375;8;0.0;0;0
2019-06-30;0.0;27.3375;19;5.0;0;5
2019-07-01;5.0;20.25;20;0.0;5;0
2019-07-02;6.0;15.1875;18;21.0;6;21
2019-07-03;5.0;16.5;13;21.0;5;21
2019-07-04;7.0;15.9625;15;61.0;7;61
2019-07-05;7.0;15.7375;13;61.0;7;61
2019-07-06;7.0;15.9125;17;61.0;7;61
2019-07-07;7.0;14.4625;16;;7;68
2019-07-08;7.0;16.0125;15;61.0;7;61
2019-07-09;7.0;16.625;13;20.0;7;20
2019-07-10;1.0;19.2125;11;;1;6
2019-07-11;7.0;17.6125;6;53.0;7;53
2019-07-12;7.0;18.475;7;61.0;7;61
2019-07-13;7.0;19.9;12;20.0;7;20
2019-07-14;8.0;15.3625;9;20.0;8;20
2019-07-15;7.0;15.5875;16;;7;64
2019-07-16;5.0;19.1125;14;0.0;5;0
2019-07-17;4.0;17.5375;6;0.0;4;0
2019-07-18;6.0;21.25;8;0.0;6;0
2019-07-19;6.0;21.0875;11;21.0;6;21
2019-07-20;7.0;24.35;14;95.0;7;95
2019-07-21;8.0;18.9;16;21.0;8;21
2019-07-22;7.0;16.6375;5;61.0;7;61
2019-07-23;0.0;26.1;9;0.0;0;0
2019-07-24;0.0;27.6875;10;0.0;0;0
2019-07-25;6.0;29.725;11;;6;53
2019-07-26;0.0;26.925;14;5.0;0;5
2019-07-27;4.0;23.5375;21;5.0;4;5
2019-07-28;3.0;23.35;14;5.0;3;5
2019-07-29;6.0;25.25;7;61.0;6;61
2019-07-30;7.0;20.7375;8;61.0;7;61
2019-07-31;6.0;20.45;7;61.0;6;61
2019-08-01;5.0;21.0625;9;61.0;5;61
