id,Umsatz_Prediction
1808011,295.0204323420399
1808012,290.5874616447758
1808013,286.1544909475116
1808014,281.7215202502475
1808015,277.28854955298334
1808021,304.2122945229389
1808022,299.77932382567474
1808023,295.34635312841067
1808024,290.9133824311465
1808025,286.4804117338824
1808031,309.6213737543416
1808032,305.1884030570775
1808033,300.75543235981337
1808034,296.32246166254924
1808035,291.88949096528506
1808041,309.9418734839892
1808042,305.508902786725
1808043,301.0759320894608
1808044,296.64296139219675
1808045,292.20999069493257
1808051,287.7105912547919
1808052,283.2776205575277
1808053,278.84464986026364
1808054,274.41167916299946
1808055,269.97870846573534
1808061,292.59729756124466
1808062,288.1643268639806
1808063,283.7313561667164
1808064,279.2983854694523
1808065,274.86541477218816
1808071,332.8190032980676
1808072,328.3860326008035
1808073,323.9530619035394
1808074,319.52009120627525
1808075,315.0871205090112
1808081,321.44948745747183
1808082,317.01651676020765
1808083,312.5835460629435
1808084,308.1505753656794
1808085,303.7176046684152
1808091,304.10155446977114
1808092,299.668583772507
1808093,295.2356130752429
1808094,290.8026423779787
1808095,286.3696716807146
1808101,273.760473395876
1808102,269.32750269861185
1808103,264.8945320013477
1808104,260.4615613040836
1808105,256.0285906068194
1808111,266.5647147495215
1808112,262.1317440522573
1808113,257.6987733549932
1808114,253.26580265772907
1808115,248.83283196046492
1808121,276.95415909618856
1808122,272.52118839892444
1808123,268.08821770166026
1808124,263.6552470043962
1808125,259.222276307132
1808131,290.2553275402903
1808132,285.8223568430261
1808133,281.389386145762
1808134,276.95641544849786
1808135,272.52344475123374
1808141,290.9010063248229
1808142,286.4680356275587
1808143,282.0350649302946
1808144,277.60209423303047
1808145,273.16912353576635
1808151,294.6640691174616
1808152,290.2310984201975
1808153,285.7981277229334
1808154,281.36515702566925
1808155,276.9321863284051
1808161,300.47904134934265
1808162,296.0460706520785
1808163,291.6130999548144
1808164,287.1801292575503
1808165,282.7471585602861
1808171,281.78146465113184
1808172,277.34849395386766
1808173,272.91552325660354
1808174,268.4825525593394
1808175,264.0495818620753
1808181,298.236057762922
1808182,293.8030870656578
1808183,289.37011636839367
1808184,284.93714567112954
1808185,280.5041749738654
1808191,288.9362251038871
1808192,284.503254406623
1808193,280.0702837093589
1808194,275.63731301209475
1808195,271.20434231483057
1808201,286.10938663059864
1808202,281.6764159333345
1808203,277.2434452360704
1808204,272.81047453880626
1808205,268.37750384154214
1808211,290.97312337821273
1808212,286.5401526809486
1808213,282.1071819836844
1808214,277.6742112864203
1808215,273.2412405891562
1808221,311.46389482475377
1808222,307.0309241274896
1808223,302.59795343022546
1808224,298.16498273296133
1808225,293.7320120356972
1808231,295.4240795013744
1808232,290.99110880411035
1808233,286.5581381068462
1808234,282.1251674095821
1808235,277.6921967123179
1808241,274.0037370617736
1808242,269.5707663645095
1808243,265.1377956672453
1808244,260.7048249699812
1808245,256.27185427271706
1808251,260.2938774276926
1808252,255.8609067304285
1808253,251.4279360331644
1808254,246.99496533590025
1808255,242.5619946386361
1808261,277.36537345697366
1808262,272.9324027597095
1808263,268.4994320624453
1808264,264.0664613651812
1808265,259.6334906679171
1808271,274.8246956994201
1808272,270.391725002156
1808273,265.95875430489184
1808274,261.52578360762766
1808275,257.09281291036353
1808281,279.38405553603565
1808282,274.9510848387715
1808283,270.5181141415074
1808284,266.0851434442433
1808285,261.6521727469791
1808291,293.48471823097
1808292,289.0517475337059
1808293,284.6187768364417
1808294,280.1858061391776
1808295,275.7528354419135
1808301,270.82052764086893
1808302,266.3875569436048
1808303,261.9545862463407
1808304,257.5216155490765
1808305,253.0886448518124
1808311,277.79203415087375
1808312,273.3590634536097
1808313,268.9260927563455
1808314,264.4931220590814
1808315,260.06015136181725
1809011,224.20422295690707
1809012,219.77125225964292
1809013,215.3382815623788
1809014,210.9053108651147
1809015,206.47234016785055
1809021,227.77350855617
1809022,223.3405378589058
1809023,218.90756716164168
1809024,214.4745964643776
1809025,210.04162576711343
1809031,237.71229409462623
1809032,233.27932339736213
1809033,228.846352700098
1809034,224.41338200283383
1809035,219.98041130556973
1809041,233.8551947883075
1809042,229.42222409104335
1809043,224.9892533937792
1809044,220.5562826965151
1809045,216.12331199925097
1809051,228.78541313992264
1809052,224.3524424426585
1809053,219.9194717453944
1809054,215.48650104813024
1809055,211.0535303508661
1809061,233.0060313701221
1809062,228.57306067285796
1809063,224.14008997559375
1809064,219.70711927832969
1809065,215.27414858106556
1809071,220.2150260831033
1809072,215.7820553858392
1809073,211.34908468857503
1809074,206.9161139913109
1809075,202.4831432940468
1809101,232.3671716984497
1809102,227.9342010011856
1809103,223.50123030392143
1809104,219.0682596066573
1809105,214.6352889093932
1809111,217.07128240131237
1809112,212.6383117040482
1809113,208.20534100678407
1809114,203.77237030951997
1809115,199.33939961225585
1809121,208.6325895704797
1809122,204.1996188732156
1809123,199.76664817595145
1809124,195.3336774786873
1809125,190.9007067814232
1809131,217.65891648030828
1809132,213.22594578304407
1809133,208.79297508578
1809134,204.36000438851588
1809135,199.9270336912517
1809141,242.5407171367763
1809142,238.1077464395121
1809143,233.674775742248
1809144,229.2418050449839
1809145,224.80883434771977
1809211,212.4079228576477
1809212,207.9749521603836
1809213,203.5419814631194
1809214,199.1090107658553
1809215,194.6760400685912
1809221,205.93987251382444
1809222,201.50690181656032
1809223,197.0739311192962
1809224,192.64096042203204
1809225,188.2079897247679
1809231,199.45428355970844
1809232,195.02131286244432
1809233,190.5883421651802
1809234,186.15537146791607
1809235,181.72240077065192
1809241,203.1974441882006
1809242,198.76447349093647
1809243,194.3315027936723
1809244,189.8985320964082
1809245,185.4655613991441
1809251,201.81977340976007
1809252,197.38680271249595
1809253,192.9538320152318
1809254,188.52086131796767
1809255,184.08789062070355
1809261,209.90404182862787
1809262,205.47107113136371
1809263,201.0381004340996
1809264,196.6051297368355
1809265,192.1721590395713
1809271,219.5780536209387
1809272,215.14508292367455
1809273,210.71211222641043
1809274,206.27914152914636
1809275,201.8461708318822
1809281,209.51956140596903
1809282,205.08659070870493
1809283,200.6536200114408
1809284,196.22064931417663
1809285,191.7876786169125
1809291,205.6758255399061
1809292,201.242854842642
1809293,196.80988414537785
1809294,192.3769134481137
1809295,187.9439427508496
1809301,212.7510802857232
1809302,208.31810958845904
1809303,203.8851388911949
1809304,199.4521681939308
1809305,195.01919749666664
1810011,249.67214179864925
1810012,245.2391711013851
1810013,240.80620040412097
1810014,236.37322970685685
1810015,231.94025900959272
1810021,242.19246451091
1810022,237.75949381364583
1810023,233.3265231163817
1810024,228.8935524191176
1810025,224.46058172185343
1810031,313.97498694303863
1810032,309.54201624577456
1810033,305.1090455485104
1810034,300.67607485124626
1810035,296.24310415398213
1810041,257.4587783657819
1810042,253.02580766851776
1810043,248.5928369712536
1810044,244.15986627398945
1810045,239.72689557672533
1810051,274.7187860204457
1810052,270.2858153231816
1810053,265.85284462591744
1810054,261.41987392865326
1810055,256.98690323138914
1810061,258.1504770873247
1810062,253.71750639006055
1810063,249.2845356927964
1810064,244.85156499553227
1810065,240.41859429826815
1810071,249.59475007808948
1810072,245.16177938082532
1810073,240.72880868356123
1810074,236.29583798629707
1810075,231.8628672890329
1810081,261.2453257872034
1810082,256.8123550899393
1810083,252.37938439267515
1810084,247.94641369541105
1810085,243.5134429981469
1810091,259.2083317650072
1810092,254.775361067743
1810093,250.34239037047888
1810094,245.9094196732148
1810095,241.47644897595063
1810101,269.07251769241793
1810102,264.6395469951538
1810103,260.2065762978897
1810104,255.7736056006256
1810105,251.34063490336143
1810111,276.81213384683724
1810112,272.3791631495731
1810113,267.946192452309
1810114,263.51322175504487
1810115,259.08025105778074
1810121,286.89975719122845
1810122,282.4667864939643
1810123,278.0338157967002
1810124,273.60084509943607
1810125,269.16787440217195
1810151,229.9131273552915
1810152,225.4801566580273
1810153,221.0471859607632
1810154,216.6142152634991
1810155,212.18124456623497
1810161,223.9451904667642
1810162,219.5122197695001
1810163,215.07924907223597
1810164,210.6462783749718
1810165,206.2133076777077
1810171,233.81436340618453
1810172,229.38139270892043
1810173,224.9484220116563
1810174,220.51545131439215
1810175,216.08248061712808
1810181,204.4697082200999
1810182,200.03673752283575
1810183,195.60376682557165
1810184,191.17079612830756
1810185,186.73782543104335
1810191,196.60038504484456
1810192,192.16741434758043
1810193,187.7344436503163
1810194,183.30147295305215
1810195,178.86850225578803
1810221,194.231084072928
1810222,189.79811337566383
1810223,185.3651426783997
1810224,180.9321719811356
1810225,176.49920128387146
1810231,202.83799380383488
1810232,198.40502310657075
1810233,193.9720524093066
1810234,189.53908171204247
1810235,185.10611101477835
1810241,190.96869348376487
1810242,186.53572278650077
1810243,182.10275208923665
1810244,177.66978139197246
1810245,173.23681069470834
1810251,200.29399882164984
1810252,195.8610281243857
1810253,191.4280574271216
1810254,186.99508672985743
1810255,182.5621160325933
1810261,196.10117115497303
1810262,191.6682004577089
1810263,187.2352297604448
1810264,182.80225906318063
1810265,178.36928836591653
1810271,179.6058025138128
1810272,175.1728318165487
1810273,170.73986111928454
1810274,166.3068904220204
1810275,161.87391972475626
1810281,174.0205350281501
1810282,169.58756433088598
1810283,165.15459363362186
1810284,160.72162293635773
1810285,156.28865223909358
1810291,186.13810553868285
1810292,181.70513484141875
1810293,177.2721641441546
1810294,172.83919344689048
1810295,168.40622274962632
1810301,195.5928897710228
1810302,191.1599190737587
1810303,186.72694837649456
1810304,182.2939776792304
1810305,177.86100698196628
1811011,192.1231445961712
1811012,187.690173898907
1811013,183.25720320164288
1811014,178.82423250437876
1811015,174.39126180711463
1811016,169.9582911098505
1811021,191.1565028807185
1811022,186.7235321834544
1811023,182.29056148619023
1811024,177.85759078892613
1811025,173.424620091662
1811026,168.99164939439788
1811031,183.71681797474565
1811032,179.28384727748153
1811033,174.85087658021737
1811034,170.41790588295325
1811035,165.98493518568912
1811036,161.55196448842497
1811041,180.3012499060573
1811042,175.86827920879318
1811043,171.43530851152906
1811044,167.00233781426493
1811045,162.5693671170008
1811046,158.13639641973668
1811051,188.67060990419728
1811052,184.23763920693315
1811053,179.80466850966903
1811054,175.3716978124049
1811055,170.93872711514075
1811056,166.50575641787665
1811061,187.61144172118367
1811062,183.17847102391957
1811063,178.74550032665542
1811064,174.31252962939126
1811065,169.87955893212714
1811066,165.446588234863
1811071,201.02933500405737
1811072,196.59636430679325
1811073,192.1633936095291
1811074,187.73042291226497
1811075,183.29745221500085
1811076,178.8644815177367
1811081,195.7601787535615
1811082,191.32720805629737
1811083,186.89423735903324
1811084,182.4612666617691
1811085,178.02829596450496
1811086,173.59532526724084
1811091,185.9385262205251
1811092,181.50555552326097
1811093,177.07258482599684
1811094,172.63961412873272
1811095,168.20664343146856
1811096,163.77367273420444
1811101,194.14274485199476
1811102,189.7097741547306
1811103,185.27680345746649
1811104,180.84383276020236
1811105,176.4108620629382
1811106,171.97789136567408
1811111,197.27749665607615
1811112,192.84452595881208
1811113,188.4115552615479
1811114,183.97858456428375
1811115,179.54561386701965
1811116,175.11264316975553
1811121,190.6959039014383
1811122,186.26293320417415
1811123,181.82996250691005
1811124,177.3969918096459
1811125,172.96402111238177
1811126,168.53105041511765
1811131,190.3285512638069
1811132,185.89558056654275
1811133,181.46260986927865
1811134,177.0296391720145
1811135,172.59666847475037
1811136,168.16369777748622
1811141,182.28018170259745
1811142,177.84721100533332
1811143,173.4142403080692
1811144,168.98126961080507
1811145,164.54829891354092
1811146,160.1153282162768
1811151,192.66585242608755
1811152,188.2328817288234
1811153,183.79991103155928
1811154,179.36694033429515
1811155,174.93396963703103
1811156,170.50099893976687
1811161,183.2880294089501
1811162,178.85505871168596
1811163,174.42208801442183
1811164,169.9891173171577
1811165,165.55614661989358
1811166,161.12317592262943
1811171,172.7331864472397
1811172,168.30021574997556
1811173,163.86724505271144
1811174,159.43427435544731
1811175,155.00130365818316
1811176,150.56833296091904
1811181,174.83082273416926
1811182,170.39785203690514
1811183,165.96488133964098
1811184,161.53191064237686
1811185,157.09893994511273
1811186,152.6659692478486
1811191,174.783303752868
1811192,170.35033305560387
1811193,165.91736235833974
1811194,161.4843916610756
1811195,157.05142096381147
1811196,152.61845026654734
1811201,170.376856371307
1811202,165.9438856740429
1811203,161.51091497677874
1811204,157.0779442795146
1811205,152.6449735822505
1811206,148.21200288498636
1811211,161.0412345325791
1811212,156.60826383531497
1811213,152.17529313805082
1811214,147.7423224407867
1811215,143.30935174352257
1811216,138.87638104625842
1811221,161.15513298132268
1811222,156.72216228405853
1811223,152.2891915867944
1811224,147.85622088953028
1811225,143.42325019226615
1811226,138.99027949500203
1811231,158.13669727792606
1811232,153.70372658066194
1811233,149.27075588339778
1811234,144.83778518613366
1811235,140.40481448886953
1811236,135.9718437916054
1811241,162.35300131944956
1811242,157.92003062218544
1811243,153.4870599249213
1811244,149.05408922765716
1811245,144.62111853039303
1811246,140.1881478331289
1811251,156.86091771339846
1811252,152.42794701613434
1811253,147.9949763188702
1811254,143.5620056216061
1811255,139.12903492434197
1811256,134.6960642270778
1811261,171.42242716886932
1811262,166.9894564716052
1811263,162.55648577434107
1811264,158.12351507707697
1811265,153.6905443798128
1811266,149.25757368254867
1811271,165.0483210832737
1811272,160.61535038600954
1811273,156.1823796887454
1811274,151.7494089914813
1811275,147.31643829421716
1811276,142.88346759695304
1811281,160.56179824573485
1811282,156.12882754847072
1811283,151.6958568512066
1811284,147.26288615394247
1811285,142.82991545667832
1811286,138.3969447594142
1811291,165.33335138431855
1811292,160.9003806870544
1811293,156.46740998979027
1811294,152.03443929252614
1811295,147.60146859526202
1811296,143.1684978979979
1811301,190.1452629601951
1811302,185.712292262931
1811303,181.27932156566683
1811304,176.8463508684027
1811305,172.41338017113858
1811306,167.98040947387446
1812011,175.72883072800596
1812012,171.29586003074184
1812013,166.86288933347768
1812014,162.42991863621356
1812015,157.99694793894943
1812016,153.5639772416853
1812021,179.52094334817613
1812022,175.087972650912
1812023,170.65500195364788
1812024,166.22203125638373
1812025,161.7890605591196
1812026,157.35608986185548
1812031,189.93041382264732
1812032,185.49744312538323
1812033,181.06447242811907
1812034,176.63150173085495
1812035,172.19853103359085
1812036,167.7655603363267
1812041,174.61988334403608
1812042,170.18691264677196
1812043,165.7539419495078
1812044,161.32097125224368
1812045,156.88800055497956
1812046,152.45502985771543
1812051,161.50993923933308
1812052,157.07696854206893
1812053,152.6439978448048
1812054,148.21102714754068
1812055,143.77805645027655
1812056,139.34508575301243
1812061,174.42939555277027
1812062,169.99642485550615
1812063,165.56345415824202
1812064,161.1304834609779
1812065,156.69751276371375
1812066,152.26454206644962
1812071,190.05240053724123
1812072,185.61942983997716
1812073,181.186459142713
1812074,176.75348844544888
1812075,172.32051774818476
1812076,167.8875470509206
1812081,177.96377616244993
1812082,173.5308054651858
1812083,169.09783476792168
1812084,164.66486407065753
1812085,160.2318933733934
1812086,155.79892267612928
1812091,176.2886659628679
1812092,171.85569526560374
1812093,167.42272456833962
1812094,162.9897538710755
1812095,158.55678317381137
1812096,154.12381247654722
1812101,172.33661393742244
1812102,167.9036432401583
1812103,163.47067254289416
1812104,159.03770184563004
1812105,154.60473114836591
1812106,150.17176045110176
1812111,172.34931070993454
1812112,167.91634001267042
1812113,163.4833693154063
1812114,159.05039861814214
1812115,154.617427920878
1812116,150.1844572236139
1812121,169.09434985827417
1812122,164.66137916101005
1812123,160.22840846374592
1812124,155.79543776648177
1812125,151.36246706921764
1812126,146.92949637195352
1812131,160.94320214061426
1812132,156.51023144335014
1812133,152.07726074608598
1812134,147.64429004882186
1812135,143.21131935155773
1812136,138.7783486542936
1812141,180.80813241482207
1812142,176.37516171755794
1812143,171.94219102029382
1812144,167.5092203230297
1812145,163.07624962576554
1812146,158.64327892850142
1812151,156.78638943207372
1812152,152.3534187348096
1812153,147.92044803754547
1812154,143.48747734028132
1812155,139.0545066430172
1812156,134.62153594575307
1812161,155.74060229429483
1812162,151.3076315970307
1812163,146.87466089976658
1812164,142.44169020250246
1812165,138.0087195052383
1812166,133.57574880797418
1812171,153.12259592082984
1812172,148.6896252235657
1812173,144.2566545263016
1812174,139.82368382903746
1812175,135.3907131317733
1812176,130.9577424345092
1812181,173.44572970469974
1812182,169.0127590074356
1812183,164.57978831017147
1812184,160.14681761290734
1812185,155.71384691564322
1812186,151.2808762183791
1812191,162.30897532939667
1812192,157.87600463213255
1812193,153.4430339348684
1812194,149.01006323760427
1812195,144.57709254034015
1812196,140.144121843076
1812201,153.41352708023314
1812202,148.980556382969
1812203,144.54758568570486
1812204,140.11461498844074
1812205,135.6816442911766
1812206,131.24867359391249
1812211,225.00439131978845
1812212,220.5714206225243
1812213,216.13844992526012
1812214,211.705479227996
1812215,207.2725085307319
1812216,202.83953783346777
1812221,222.57124548013255
1812222,218.13827478286845
1812223,213.7053040856043
1812224,209.27233338834017
1812225,204.83936269107605
1812226,200.40639199381192
1812231,226.43759749529852
1812232,222.0046267980344
1812233,217.57165610077027
1812234,213.13868540350612
1812235,208.705714706242
1812236,204.2727440089779
1812241,234.21258535052257
1812242,229.7796146532584
1812243,225.3466439559943
1812244,220.91367325873017
1812245,216.48070256146605
1812246,212.04773186420192
1812271,230.399881739554
1812272,225.9669110422899
1812273,221.5339403450257
1812274,217.1009696477616
1812275,212.66799895049743
1812276,208.2350282532333
1812281,230.23030515680608
1812282,225.797334459542
1812283,221.36436376227783
1812284,216.9313930650137
1812285,212.49842236774955
1812286,208.06545167048543
1812291,231.3908174182834
1812292,226.95784672101928
1812293,222.52487602375516
1812294,218.091905326491
1812295,213.65893462922688
1812301,230.71858767157173
1812302,226.28561697430763
1812303,221.85264627704348
1812304,217.41967557977932
1812305,212.9867048825152
1812311,235.7543694279904
1812312,231.3213987307263
1812313,226.88842803346213
1812315,218.02248663893383
1901021,232.84201181087357
1901022,228.40904111360945
1901023,223.9760704163453
1901024,219.5430997190812
1901025,215.11012902181704
1901031,221.4768557516188
1901032,217.04388505435463
1901033,212.6109143570905
1901034,208.1779436598264
1901035,203.74497296256223
1901041,240.141083490113
1901042,235.70811279284885
1901043,231.27514209558475
1901044,226.8421713983206
1901045,222.40920070105648
1901051,200.70796115985783
1901052,196.2749904625937
1901053,191.8420197653296
1901054,187.40904906806543
1901055,182.9760783708013
1901061,181.1167130000344
1901062,176.6837423027702
1901063,172.2507716055061
1901064,167.81780090824196
1901065,163.38483021097784
1901071,193.239225153162
1901072,188.80625445589789
1901073,184.37328375863376
1901074,179.94031306136964
1901075,175.50734236410548
1901081,192.68038389963527
1901082,188.24741320237112
1901083,183.814442505107
1901084,179.38147180784287
1901085,174.94850111057875
1901091,177.6536633982241
1901092,173.22069270095997
1901093,168.78772200369582
1901094,164.3547513064317
1901095,159.92178060916757
1901101,177.85072802298663
1901102,173.4177573257225
1901103,168.98478662845838
1901104,164.55181593119426
1901105,160.1188452339301
1901111,194.3688722599162
1901112,189.93590156265205
1901113,185.50293086538792
1901114,181.0699601681238
1901115,176.63698947085967
1901121,191.1869088634554
1901122,186.7539381661913
1901123,182.32096746892717
1901124,177.887996771663
1901125,173.4550260743989
1901131,197.7671968134657
1901132,193.33422611620156
1901133,188.9012554189374
1901134,184.46828472167329
1901135,180.03531402440916
1901141,178.3985019545102
1901142,173.96553125724606
1901143,169.53256055998193
1901144,165.0995898627178
1901145,160.66661916545365
1901151,193.94311878556223
1901152,189.5101480882981
1901153,185.077177391034
1901154,180.64420669376983
1901155,176.21123599650574
1901161,195.8133079520652
1901162,191.38033725480105
1901163,186.94736655753687
1901164,182.5143958602728
1901165,178.08142516300865
1901171,184.60270649956232
1901172,180.1697358022982
1901173,175.73676510503407
1901174,171.30379440776994
1901175,166.8708237105058
1901181,171.59604831996626
1901182,167.16307762270213
1901183,162.73010692543798
1901184,158.29713622817383
1901185,153.86416553090973
1901191,172.83579438246863
1901192,168.4028236852045
1901193,163.96985298794038
1901194,159.53688229067626
1901195,155.1039115934121
1901201,171.9319155707922
1901202,167.49894487352807
1901203,163.06597417626392
1901204,158.6330034789998
1901205,154.20003278173567
1901211,177.04284177251924
1901212,172.6098710752551
1901213,168.176900377991
1901214,163.74392968072686
1901215,159.3109589834627
1901221,168.91209739651828
1901222,164.47912669925415
1901223,160.04615600199003
1901224,155.6131853047259
1901225,151.18021460746175
1901231,157.0025425288509
1901232,152.56957183158676
1901233,148.13660113432263
1901234,143.7036304370585
1901235,139.27065973979438
1901241,172.9938996996147
1901242,168.56092900235055
1901243,164.12795830508642
1901244,159.69498760782227
1901245,155.26201691055817
1901251,165.6081433475819
1901252,161.17517265031776
1901253,156.74220195305364
1901254,152.30923125578948
1901255,147.87626055852536
1901261,183.47541703351948
1901262,179.04244633625535
1901263,174.60947563899123
1901264,170.1765049417271
1901265,165.74353424446295
1901271,187.47586594473208
1901272,183.04289524746795
1901273,178.60992455020383
1901274,174.17695385293968
1901275,169.74398315567555
1901281,180.08929531372087
1901282,175.65632461645674
1901283,171.22335391919262
1901284,166.7903832219285
1901285,162.35741252466434
1901291,179.03086211234714
1901292,174.597891415083
1901293,170.16492071781886
1901294,165.7319500205547
1901295,161.2989793232906
1901301,183.4343842557764
1901302,179.00141355851224
1901303,174.56844286124812
1901304,170.135472163984
1901305,165.70250146671984
1901311,175.61989800378225
1901312,171.18692730651813
1901313,166.753956609254
1901314,162.32098591198988
1901315,157.88801521472573
1902011,164.49914285660373
1902012,160.0661721593396
1902013,155.63320146207545
1902014,151.20023076481132
1902015,146.7672600675472
1902021,171.03672866945482
1902022,166.6037579721907
1902023,162.17078727492657
1902024,157.73781657766244
1902025,153.30484588039832
1902031,173.48498960347175
1902032,169.05201890620762
1902033,164.6190482089435
1902034,160.18607751167937
1902035,155.75310681441522
1902041,181.8668939597602
1902042,177.43392326249608
1902043,173.00095256523196
1902044,168.5679818679678
1902045,164.13501117070368
1902051,183.36390032150888
1902052,178.93092962424475
1902053,174.49795892698063
1902054,170.0649882297165
1902055,165.63201753245235
1902061,179.78418093268405
1902062,175.35121023541993
1902063,170.91823953815577
1902064,166.48526884089165
1902065,162.05229814362752
1902071,188.71859538419636
1902072,184.2856246869322
1902073,179.85265398966808
1902074,175.41968329240396
1902075,170.9867125951398
1902081,190.6082559094617
1902082,186.1752852121976
1902083,181.74231451493344
1902084,177.30934381766932
1902085,172.8763731204052
1902091,194.55910059511703
1902092,190.12612989785293
1902093,185.6931592005888
1902094,181.26018850332468
1902095,176.82721780606053
1902101,185.3301955426581
1902102,180.897224845394
1902103,176.46425414812984
1902104,172.03128345086571
1902105,167.5983127536016
1902111,187.3323494230856
1902112,182.89937872582144
1902113,178.4664080285573
1902114,174.03343733129316
1902115,169.60046663402903
1902121,187.7491601970496
1902122,183.31618949978548
1902123,178.88321880252136
1902124,174.45024810525723
1902125,170.01727740799308
1902131,195.73105241519443
1902132,191.29808171793036
1902133,186.8651110206662
1902134,182.43214032340205
1902135,177.99916962613793
1902141,194.37094385343292
1902142,189.9379731561688
1902143,185.50500245890467
1902144,181.07203176164052
1902145,176.63906106437642
1902151,207.74933623827843
1902152,203.31636554101428
1902153,198.88339484375012
1902154,194.45042414648603
1902155,190.01745344922188
1902161,208.79865608721144
1902162,204.3656853899473
1902163,199.9327146926832
1902164,195.49974399541904
1902165,191.0667732981549
1902171,212.25882166691596
1902172,207.8258509696518
1902173,203.39288027238769
1902174,198.95990957512356
1902175,194.5269388778594
1902181,209.4530792334834
1902182,205.02010853621923
1902183,200.58713783895516
1902184,196.154167141691
1902185,191.72119644442685
1902191,195.77503738205897
1902192,191.34206668479484
1902193,186.90909598753072
1902194,182.47612529026657
1902195,178.04315459300244
1902201,194.75622115072164
1902202,190.3232504534575
1902203,185.89027975619337
1902204,181.45730905892924
1902205,177.02433836166512
1902211,195.95269456210767
1902212,191.5197238648436
1902213,187.08675316757947
1902214,182.6537824703153
1902215,178.2208117730512
1902221,180.65722604569507
1902222,176.22425534843094
1902223,171.79128465116682
1902224,167.35831395390267
1902225,162.92534325663854
1902231,192.63096948443743
1902232,188.1979987871733
1902233,183.7650280899092
1902234,179.33205739264503
1902235,174.8990866953809
1902241,206.48121428010944
1902242,202.0482435828453
1902243,197.6152728855812
1902244,193.18230218831704
1902245,188.7493314910529
1902251,209.2170685958753
1902252,204.7840978986112
1902253,200.35112720134703
1902254,195.9181565040829
1902255,191.4851858068188
1902261,210.87414645331512
1902262,206.441175756051
1902263,202.00820505878687
1902264,197.57523436152272
1902265,193.1422636642586
1902271,220.5771446733533
1902272,216.1441739760892
1902273,211.71120327882505
1902274,207.27823258156093
1902275,202.8452618842968
1902281,201.30225463155745
1902282,196.8692839342933
1902283,192.4363132370292
1902284,188.003342539765
1902285,183.5703718425009
1903011,189.77739035186676
1903012,185.3444196546026
1903013,180.91144895733848
1903014,176.47847826007435
1903015,172.0455075628102
1903021,188.89834690605448
1903022,184.46537620879036
1903023,180.0324055115262
1903024,175.59943481426205
1903025,171.16646411699793
1903031,198.1871244913043
1903032,193.75415379404015
1903033,189.321183096776
1903034,184.8882123995119
1903035,180.45524170224775
1903041,193.3575068477745
1903042,188.9245361505104
1903043,184.49156545324627
1903044,180.0585947559821
1903045,175.625624058718
1903051,191.003962148045
1903052,186.57099145078087
1903053,182.13802075351677
1903054,177.7050500562526
1903055,173.27207935898846
1903061,189.63158971473092
1903062,185.19861901746685
1903063,180.7656483202027
1903064,176.33267762293858
1903065,171.89970692567442
1903071,201.47131896249272
1903072,197.0383482652286
1903073,192.60537756796447
1903074,188.17240687070037
1903075,183.73943617343625
1903081,191.87879365930576
1903082,187.4458229620417
1903083,183.0128522647775
1903084,178.57988156751338
1903085,174.14691087024926
1903091,192.4889613909032
1903092,188.05599069363907
1903093,183.62301999637492
1903094,179.1900492991108
1903095,174.75707860184667
1903101,194.11506614182127
1903102,189.68209544455712
1903103,185.249124747293
1903104,180.81615405002887
1903105,176.38318335276475
1903111,180.16961752166105
1903112,175.7366468243969
1903113,171.30367612713275
1903114,166.87070542986865
1903115,162.4377347326045
1903121,185.59656578652996
1903122,181.1635950892658
1903123,176.73062439200166
1903124,172.29765369473753
1903125,167.8646829974734
1903131,190.0521827507582
1903132,185.61921205349407
1903133,181.1862413562299
1903134,176.7532706589658
1903135,172.32029996170166
1903141,185.99461929956263
1903142,181.56164860229853
1903143,177.1286779050344
1903144,172.69570720777023
1903145,168.26273651050613
1903151,194.2135023139059
1903152,189.78053161664175
1903153,185.34756091937763
1903154,180.9145902221135
1903155,176.48161952484938
1903161,186.18433652155295
1903162,181.75136582428885
1903163,177.31839512702473
1903164,172.88542442976058
1903165,168.45245373249645
1903171,197.5297866903959
1903172,193.09681599313177
1903173,188.66384529586765
1903174,184.2308745986035
1903175,179.79790390133937
1903181,190.2448908489088
1903182,185.81192015164467
1903183,181.37894945438052
1903184,176.9459787571164
1903185,172.51300805985227
1903191,193.8578819112824
1903192,189.4249112140183
1903193,184.99194051675417
1903194,180.55896981949
1903195,176.1259991222259
1903211,203.110911268122
1903212,198.67794057085788
1903213,194.24496987359376
1903214,189.8119991763296
1903215,185.37902847906548
1903221,202.66746142799937
1903222,198.23449073073525
1903223,193.8015200334711
1903224,189.36854933620697
1903225,184.93557863894284
1903231,203.91534915087064
1903232,199.4823784536065
1903233,195.0494077563424
1903234,190.61643705907824
1903235,186.1834663618141
1903241,192.5223668153869
1903242,188.08939611812275
1903243,183.65642542085865
1903244,179.2234547235945
1903245,174.79048402633038
1903251,197.9621322646508
1903252,193.52916156738664
1903253,189.0961908701225
1903254,184.6632201728584
1903255,180.23024947559423
1903261,199.21063670016852
1903262,194.7776660029044
1903263,190.34469530564027
1903264,185.91172460837612
1903265,181.478753911112
1903271,197.55970737040028
1903272,193.12673667313612
1903273,188.69376597587203
1903274,184.26079527860787
1903275,179.82782458134375
1903281,190.96502197754728
1903282,186.5320512802832
1903283,182.09908058301903
1903284,177.6661098857549
1903285,173.23313918849078
1903291,215.59753452456692
1903292,211.16456382730283
1903293,206.7315931300387
1903294,202.29862243277452
1903295,197.86565173551045
1903301,227.07830098197948
1903302,222.64533028471533
1903303,218.2123595874512
1903304,213.77938889018708
1903305,209.34641819292293
1903311,198.07416024541263
1903312,193.64118954814847
1903313,189.20821885088435
1903314,184.77524815362025
1903315,180.3422774563561
1904011,195.39015377472188
1904012,190.95718307745776
1904013,186.52421238019363
1904014,182.0912416829295
1904015,177.65827098566535
1904021,208.92098742747996
1904022,204.4880167302158
1904023,200.05504603295168
1904024,195.62207533568755
1904025,191.1891046384234
1904051,261.65168556688434
1904052,257.2187148696202
1904053,252.7857441723561
1904054,248.352773475092
1904055,243.91980277782784
1904061,262.67505090979887
1904062,258.2420802125347
1904063,253.8091095152706
1904064,249.37613881800644
1904065,244.9431681207423
1904071,265.01753868592283
1904072,260.5845679886587
1904073,256.1515972913945
1904074,251.7186265941304
1904075,247.28565589686627
1904081,251.45065363758
1904082,247.01768294031584
1904083,242.5847122430517
1904084,238.1517415457876
1904085,233.71877084852343
1904091,242.26069130264597
1904092,237.8277206053818
1904093,233.3947499081177
1904094,228.96177921085356
1904095,224.5288085135894
1904101,241.03244853377225
1904102,236.59947783650813
1904103,232.166507139244
1904104,227.73353644197985
1904105,223.3005657447157
1904111,257.1991919773972
1904112,252.7662212801331
1904113,248.33325058286897
1904114,243.9002798856048
1904115,239.4673091883407
1904121,257.1712432376712
1904122,252.7382725404071
1904123,248.30530184314296
1904124,243.87233114587883
1904125,239.4393604486147
1904131,231.77851446499315
1904132,227.34554376772903
1904133,222.9125730704649
1904134,218.47960237320075
1904135,214.04663167593665
1904141,237.51946946995955
1904142,233.08649877269545
1904143,228.65352807543127
1904144,224.22055737816717
1904145,219.78758668090305
1904151,245.0556137266356
1904152,240.62264302937143
1904153,236.18967233210728
1904154,231.75670163484315
1904155,227.323730937579
1904161,249.72149706224704
1904162,245.28852636498289
1904163,240.8555556677188
1904164,236.42258497045464
1904165,231.9896142731905
1904171,261.8488069061903
1904172,257.4158362089262
1904173,252.98286551166203
1904174,248.5498948143979
1904175,244.11692411713372
1904181,267.00259550254424
1904182,262.5696248052801
1904183,258.136654108016
1904184,253.70368341075184
1904185,249.2707127134877
1904201,266.4484599665566
1904202,262.01548926929246
1904203,257.58251857202833
1904204,253.1495478747642
1904205,248.71657717750008
1904211,280.5219715988184
1904212,276.0890009015543
1904213,271.6560302042902
1904214,267.22305950702605
1904215,262.7900888097619
1904221,337.1291243806428
1904222,332.6961536833787
1904223,328.26318298611454
1904224,323.8302122888504
1904225,319.3972415915863
1904231,272.31891585631337
1904232,267.88594515904924
1904233,263.45297446178506
1904234,259.02000376452094
1904235,254.5870330672568
1904241,286.3955381994708
1904242,281.9625675022067
1904243,277.52959680494257
1904244,273.09662610767845
1904245,268.6636554104143
1904251,291.161731370832
1904252,286.7287606735679
1904253,282.2957899763037
1904254,277.8628192790396
1904255,273.42984858177545
1904261,275.31118907541367
1904262,270.87821837814954
1904263,266.4452476808854
1904264,262.0122769836213
1904265,257.5793062863571
1904271,274.5803724318384
1904272,270.14740173457426
1904273,265.71443103731013
1904274,261.281460340046
1904275,256.8484896427819
1904281,252.9564692351481
1904282,248.523498537884
1904283,244.09052784061984
1904284,239.6575571433557
1904285,235.2245864460916
1904291,267.2669957983072
1904292,262.8340251010431
1904293,258.40105440377897
1904294,253.96808370651485
1904295,249.53511300925072
1904301,279.8747668118384
1904302,275.44179611457423
1904303,271.0088254173101
1904304,266.575854720046
1904305,262.14288402278186
1905021,194.68911896508737
1905022,190.25614826782325
1905023,185.82317757055912
1905024,181.39020687329497
1905025,176.95723617603085
1905031,197.8202088143721
1905032,193.387238117108
1905033,188.95426741984383
1905034,184.5212967225797
1905035,180.08832602531555
1905041,189.0154597002577
1905042,184.58248900299355
1905043,180.14951830572943
1905044,175.7165476084653
1905045,171.28357691120118
1905051,206.67772553905976
1905052,202.2447548417956
1905053,197.8117841445315
1905054,193.37881344726736
1905055,188.94584275000324
1905061,196.81449251465435
1905062,192.38152181739025
1905063,187.9485511201261
1905064,183.515580422862
1905065,179.08260972559782
1905071,201.89603635910484
1905072,197.46306566184072
1905073,193.03009496457656
1905074,188.59712426731244
1905075,184.1641535700483
1905081,209.35153790318645
1905082,204.9185672059223
1905083,200.48559650865815
1905084,196.05262581139405
1905085,191.61965511412996
1905091,217.58163719460367
1905092,213.14866649733955
1905093,208.7156958000754
1905094,204.28272510281127
1905095,199.84975440554717
1905101,200.68419837240344
1905102,196.2512276751393
1905103,191.8182569778752
1905104,187.38528628061104
1905105,182.9523155833469
1905111,205.00257082677743
1905112,200.5696001295133
1905113,196.1366294322492
1905114,191.70365873498503
1905115,187.2706880377209
1905121,213.27757265586985
1905122,208.8446019586057
1905123,204.4116312613416
1905124,199.97866056407744
1905125,195.5456898668133
1905131,211.8852360765804
1905132,207.4522653793163
1905133,203.0192946820521
1905134,198.586323984788
1905135,194.15335328752388
1905141,212.7738862107244
1905142,208.3409155134603
1905143,203.90794481619616
1905144,199.47497411893204
1905145,195.04200342166789
1905151,216.37960359743684
1905152,211.94663290017272
1905153,207.5136622029086
1905154,203.08069150564444
1905155,198.6477208083803
1905161,209.0186858328863
1905162,204.5857151356221
1905163,200.152744438358
1905164,195.7197737410939
1905165,191.2868030438297
1905171,205.9490790616449
1905172,201.5161083643808
1905173,197.08313766711663
1905174,192.6501669698525
1905175,188.2171962725884
1905181,226.18980028153535
1905182,221.7568295842713
1905183,217.32385888700716
1905184,212.890888189743
1905185,208.45791749247888
1905191,215.41955167054897
1905192,210.9865809732848
1905193,206.5536102760207
1905194,202.12063957875657
1905195,197.6876688814924
1905201,233.4774704322537
1905202,229.0444997349896
1905203,224.61152903772543
1905204,220.1785583404613
1905205,215.7455876431972
1905211,223.92170399042968
1905212,219.48873329316555
1905213,215.0557625959014
1905214,210.62279189863727
1905215,206.18982120137315
1905221,208.3206249797278
1905222,203.88765428246364
1905223,199.45468358519952
1905224,195.0217128879354
1905225,190.58874219067127
1905231,228.4934932397375
1905232,224.06052254247336
1905233,219.6275518452092
1905234,215.1945811479451
1905235,210.76161045068096
1905241,230.36374438806916
1905242,225.930773690805
1905243,221.4978029935409
1905244,217.06483229627676
1905245,212.6318615990126
1905251,213.70205235621245
1905252,209.26908165894832
1905253,204.8361109616842
1905254,200.40314026442007
1905255,195.97016956715595
1905261,213.81752815135755
1905262,209.38455745409345
1905263,204.9515867568293
1905264,200.51861605956515
1905265,196.08564536230105
1905271,225.32932969437104
1905272,220.8963589971069
1905273,216.4633882998428
1905274,212.03041760257867
1905275,207.5974469053145
1905281,217.45408899161447
1905282,213.02111829435037
1905283,208.58814759708625
1905284,204.15517689982207
1905285,199.72220620255797
1905291,210.96686064258932
1905292,206.5338899453252
1905293,202.10091924806107
1905294,197.66794855079692
1905295,193.23497785353285
1905301,274.8138406081679
1905302,270.3808699109037
1905303,265.94789921363963
1905304,261.5149285163755
1905305,257.0819578191114
1905311,270.5695077844686
1905312,266.1365370872045
1905313,261.7035663899403
1905314,257.27059569267624
1905315,252.83762499541209
1906011,230.1267170806703
1906012,225.69374638340616
1906013,221.26077568614204
1906014,216.82780498887792
1906015,212.3948342916138
1906021,252.6911835341454
1906022,248.25821283688128
1906023,243.8252421396172
1906024,239.392271442353
1906025,234.95930074508888
1906031,246.31424736422747
1906032,241.88127666696332
1906033,237.4483059696992
1906034,233.01533527243507
1906035,228.5823645751709
1906041,219.49578964706225
1906042,215.0628189497981
1906043,210.629848252534
1906044,206.19687755526985
1906045,201.7639068580057
1906051,250.66254473901043
1906052,246.22957404174628
1906053,241.79660334448212
1906054,237.36363264721803
1906055,232.9306619499539
1906061,232.9968170012428
1906062,228.56384630397864
1906063,224.1308756067145
1906064,219.6979049094504
1906065,215.2649342121863
1906071,225.33967463966275
1906072,220.9067039423986
1906073,216.47373324513447
1906074,212.04076254787037
1906075,207.6077918506062
1906081,220.69291929791305
1906082,216.25994860064893
1906083,211.8269779033848
1906084,207.39400720612068
1906085,202.96103650885647
1906091,237.45296203935084
1906092,233.0199913420867
1906093,228.5870206448226
1906094,224.1540499475585
1906095,219.72107925029437
1906101,279.7848798138536
1906102,275.35190911658947
1906103,270.91893841932534
1906104,266.4859677220612
1906105,262.0529970247971
1906111,230.6560738142079
1906112,226.22310311694375
1906113,221.7901324196796
1906114,217.3571617224155
1906115,212.92419102515137
1906121,225.2624492735604
1906122,220.82947857629625
1906123,216.39650787903213
1906124,211.963537181768
1906125,207.53056648450388
1906131,245.98591946959053
1906132,241.5529487723264
1906133,237.11997807506225
1906134,232.68700737779807
1906135,228.254036680534
1906141,249.21698107672975
1906142,244.78401037946568
1906143,240.3510396822015
1906144,235.91806898493735
1906145,231.4850982876732
1906151,231.4722069680775
1906152,227.03923627081335
1906153,222.60626557354925
1906154,218.1732948762851
1906155,213.74032417902097
1906161,233.9790829666016
1906162,229.54611226933747
1906163,225.1131415720733
1906164,220.6801708748092
1906165,216.24720017754504
1906171,265.6525040086058
1906172,261.2195333113416
1906173,256.7865626140775
1906174,252.35359191681331
1906175,247.9206212195492
1906181,257.64988668044543
1906182,253.2169159831813
1906183,248.7839452859172
1906184,244.35097458865303
1906185,239.9180038913889
1906191,259.89331730432355
1906192,255.46034660705945
1906193,251.0273759097953
1906194,246.59440521253117
1906195,242.16143451526705
1906201,236.3607313076679
1906202,231.9277606104037
1906203,227.4947899131396
1906204,223.06181921587543
1906205,218.6288485186113
1906211,233.92915231029957
1906212,229.49618161303545
1906213,225.0632109157713
1906214,220.63024021850717
1906215,216.19726952124304
1906221,261.27015341978387
1906222,256.83718272251974
1906223,252.4042120252556
1906224,247.9712413279915
1906225,243.5382706307273
1906231,275.2167921423091
1906232,270.78382144504496
1906233,266.35085074778084
1906234,261.9178800505167
1906235,257.48490935325253
1906241,283.5717377425025
1906242,279.13876704523835
1906243,274.70579634797417
1906244,270.27282565071005
1906245,265.8398549534459
1906251,327.4035229673268
1906252,322.97055227006274
1906253,318.53758157279856
1906254,314.10461087553443
1906255,309.6716401782703
1906261,297.22804252664866
1906262,292.7950718293845
1906263,288.3621011321204
1906264,283.92913043485623
1906265,279.4961597375921
1906271,266.23469308048936
1906272,261.80172238322524
1906273,257.3687516859611
1906274,252.935780988697
1906275,248.5028102914329
1906281,272.60148249063457
1906282,268.16851179337044
1906283,263.7355410961063
1906284,259.3025703988422
1906285,254.86959970157807
1906291,285.3603472388329
1906292,280.9273765415687
1906293,276.49440584430465
1906294,272.06143514704047
1906295,267.62846444977635
1906301,302.65106313806984
1906302,298.2180924408058
1906303,293.7851217435416
1906304,289.35215104627747
1906305,284.91918034901335
1907011,283.1093090096016
1907012,278.6763383123375
1907013,274.24336761507334
1907014,269.81039691780927
1907015,265.3774262205451
1907021,270.05171280191934
1907022,265.6187421046552
1907023,261.1857714073911
1907024,256.75280071012696
1907025,252.31983001286284
1907031,274.9307394044621
1907032,270.497768707198
1907033,266.06479800993384
1907034,261.6318273126697
1907035,257.1988566154056
1907041,269.30600509857965
1907042,264.8730344013155
1907043,260.4400637040514
1907044,256.0070930067873
1907045,251.57412230952315
1907051,268.4042856434124
1907052,263.97131494614825
1907053,259.5383442488841
1907054,255.10537355161995
1907055,250.67240285435585
1907061,269.422887316616
1907062,264.9899166193519
1907063,260.5569459220878
1907064,256.12397522482365
1907065,251.69100452755956
1907071,248.92651144729453
1907072,244.4935407500304
1907073,240.06057005276628
1907074,235.62759935550216
1907075,231.194628658238
1907081,269.824700249283
1907082,265.3917295520189
1907083,260.9587588547548
1907084,256.52578815749064
1907085,252.0928174602265
1907091,272.95590267569145
1907092,268.5229319784273
1907093,264.08996128116314
1907094,259.6569905838991
1907095,255.2240198866349
1907111,260.393580377956
1907112,255.96060968069187
1907113,251.52763898342772
1907114,247.0946682861636
1907115,242.66169758889947
1907121,278.84854096631864
1907122,274.4155702690545
1907123,269.9825995717904
1907124,265.54962887452626
1907125,261.11665817726214
1907131,285.5191882266686
1907132,281.0862175294044
1907133,276.6532468321403
1907134,272.22027613487614
1907135,267.787305437612
1907141,268.1343369309388
1907142,263.70136623367466
1907143,259.2683955364105
1907144,254.8354248391464
1907145,250.40245414188223
1907151,253.81415795722097
1907152,249.3811872599568
1907153,244.9482165626927
1907154,240.51524586542857
1907155,236.08227516816444
1907161,279.6594732398993
1907162,275.2265025426351
1907163,270.79353184537104
1907164,266.36056114810685
1907165,261.9275904508428
1907171,273.48315531689394
1907172,269.0501846196298
1907173,264.61721392236564
1907174,260.1842432251016
1907175,255.7512725278374
1907181,287.22207002713924
1907182,282.78909932987506
1907183,278.35612863261093
1907184,273.9231579353468
1907185,269.4901872380827
1907191,293.1329812417627
1907192,288.7000105444986
1907193,284.26703984723446
1907194,279.83406914997033
1907195,275.4010984527062
1907201,304.91734623702087
1907202,300.4843755397567
1907203,296.0514048424926
1907204,291.61843414522843
1907205,287.1854634479644
1907211,285.0010560847702
1907212,280.5680853875061
1907213,276.13511469024195
1907214,271.7021439929778
1907215,267.2691732957137
1907221,272.63418612735927
1907222,268.20121543009515
1907223,263.768244732831
1907224,259.3352740355669
1907225,254.9023033383028
1907231,307.2090999033949
1907232,302.7761292061307
1907233,298.34315850886657
1907234,293.91018781160244
1907235,289.4772171143383
1907241,313.3246513892305
1907242,308.8916806919665
1907243,304.4587099947023
1907244,300.0257392974382
1907245,295.59276860017405
1907251,327.5304967276012
1907252,323.09752603033706
1907253,318.66455533307294
1907254,314.2315846358088
1907255,309.7986139385447
1907261,314.9505124565478
1907262,310.51754175928363
1907263,306.0845710620196
1907264,301.6516003647554
1907265,297.21862966749126
1907271,301.9390059279708
1907272,297.50603523070674
1907273,293.07306453344256
1907274,288.6400938361785
1907275,284.2071231389143
1907281,301.0442505430304
1907282,296.61127984576626
1907283,292.1783091485021
1907284,287.745338451238
1907285,283.31236775397383
1907291,305.9182787651498
1907292,301.4853080678857
1907293,297.0523373706216
1907294,292.61936667335743
1907295,288.1863959760933
1907301,288.9058575708782
1907302,284.4728868736141
1907303,280.03991617634995
1907304,275.60694547908577
1907305,271.17397478182164
